<?xml version="1.0" encoding="UTF-8"?>
<config xmlns="http://www.knime.org/2008/09/XMLConfig" xmlns:xsi="http://www.w3.org/2001/XMLSchema-instance" xsi:schemaLocation="http://www.knime.org/2008/09/XMLConfig http://www.knime.org/XMLConfig_2008_09.xsd" key="spec.xml">
<entry key="spec_name" type="xstring" value="default"/>
<entry key="number_columns" type="xint" value="1"/>
<config key="column_spec_0">
<entry key="column_name" type="xstring" value="Representation"/>
<config key="element_names">
<entry key="array-size" type="xint" value="0"/>
</config>
<config key="column_type">
<entry key="cell_class" type="xstring" value="org.knime.core.data.def.StringCell"/>
</config>
<config key="column_domain">
<config key="possible_values">
<entry key="array-size" type="xint" value="1"/>
<config key="0">
<entry key="datacell" type="xstring" value="org.knime.core.data.def.StringCell"/>
<config key="org.knime.core.data.def.StringCell">
<entry key="StringCell" type="xstring" value="{&quot;compounds&quot;: [{&quot;smiles&quot;: &quot;Cc1cc(C)c(c(C)c1)n2c(C)c(C)c3c(nc(C)nc23)c4ccccc4C(F)(F)F&quot;, &quot;chemblId&quot;: &quot;CHEMBL273839&quot;, &quot;passesRuleOfThree&quot;: &quot;No&quot;, &quot;molecularWeight&quot;: 423.47, &quot;molecularFormula&quot;: &quot;C25H24F3N3&quot;, &quot;acdLogp&quot;: 6.35, &quot;knownDrug&quot;: &quot;No&quot;, &quot;stdInChiKey&quot;: &quot;MAZMGXJNKUIQIQ-UHFFFAOYSA-N&quot;, &quot;species&quot;: &quot;NEUTRAL&quot;, &quot;synonyms&quot;: null, &quot;medChemFriendly&quot;: &quot;Yes&quot;, &quot;rotatableBonds&quot;: 3, &quot;acdBasicPka&quot;: 4.47, &quot;alogp&quot;: 7.26, &quot;preferredCompoundName&quot;: null, &quot;numRo5Violations&quot;: 1, &quot;acdLogd&quot;: 6.35, &quot;acdAcidicPka&quot;: null}, {&quot;smiles&quot;: &quot;c1ccc(cc1)c2ncnc3[nH]ccc23&quot;, &quot;chemblId&quot;: &quot;CHEMBL578974&quot;, &quot;passesRuleOfThree&quot;: &quot;Yes&quot;, &quot;molecularWeight&quot;: 195.22, &quot;molecularFormula&quot;: &quot;C12H9N3&quot;, &quot;acdLogp&quot;: 2.10, &quot;knownDrug&quot;: &quot;No&quot;, &quot;stdInChiKey&quot;: &quot;XWMVYDXYOLGHBU-UHFFFAOYSA-N&quot;, &quot;species&quot;: &quot;NEUTRAL&quot;, &quot;synonyms&quot;: null, &quot;medChemFriendly&quot;: &quot;Yes&quot;, &quot;rotatableBonds&quot;: 1, &quot;acdBasicPka&quot;: 4.12, &quot;alogp&quot;: 2.49, &quot;preferredCompoundName&quot;: null, &quot;numRo5Violations&quot;: 0, &quot;acdLogd&quot;: 2.10, &quot;acdAcidicPka&quot;: 11.97}, {&quot;smiles&quot;: &quot;OC[C@H]1O[C@H]([C@H](O)[C@@H]1O)n2ccc3c(ncnc23)c4ccccc4&quot;, &quot;chemblId&quot;: &quot;CHEMBL585760&quot;, &quot;passesRuleOfThree&quot;: &quot;No&quot;, &quot;molecularWeight&quot;: 327.33, &quot;molecularFormula&quot;: &quot;C17H17N3O4&quot;, &quot;acdLogp&quot;: 0.89, &quot;knownDrug&quot;: &quot;No&quot;, &quot;stdInChiKey&quot;: &quot;RECZZFZRTSLTOB-DNNBLBMLSA-N&quot;, &quot;species&quot;: &quot;NEUTRAL&quot;, &quot;synonyms&quot;: null, &quot;medChemFriendly&quot;: &quot;Yes&quot;, &quot;rotatableBonds&quot;: 3, &quot;acdBasicPka&quot;: 3.98, &quot;alogp&quot;: 1.05, &quot;preferredCompoundName&quot;: null, &quot;numRo5Violations&quot;: 0, &quot;acdLogd&quot;: 0.89, &quot;acdAcidicPka&quot;: 12.44}, {&quot;smiles&quot;: &quot;COc1ccc(cc1)c2ncnc3c2ccn3[C@@H]4O[C@H](CO)[C@@H](O)[C@H]4O&quot;, &quot;chemblId&quot;: &quot;CHEMBL572326&quot;, &quot;passesRuleOfThree&quot;: &quot;No&quot;, &quot;molecularWeight&quot;: 357.36, &quot;molecularFormula&quot;: &quot;C18H19N3O5&quot;, &quot;acdLogp&quot;: 0.71, &quot;knownDrug&quot;: &quot;No&quot;, &quot;stdInChiKey&quot;: &quot;NQPAFAJIFFHQTF-GFOCRRMGSA-N&quot;, &quot;species&quot;: &quot;NEUTRAL&quot;, &quot;synonyms&quot;: null, &quot;medChemFriendly&quot;: &quot;Yes&quot;, &quot;rotatableBonds&quot;: 4, &quot;acdBasicPka&quot;: 4.16, &quot;alogp&quot;: 1.04, &quot;preferredCompoundName&quot;: null, &quot;numRo5Violations&quot;: 0, &quot;acdLogd&quot;: 0.71, &quot;acdAcidicPka&quot;: 12.44}, {&quot;smiles&quot;: &quot;OC[C@H]1O[C@H]([C@H](O)[C@@H]1O)n2cc(Cl)c3c(ncnc23)c4ccccc4&quot;, &quot;chemblId&quot;: &quot;CHEMBL570743&quot;, &quot;passesRuleOfThree&quot;: &quot;No&quot;, &quot;molecularWeight&quot;: 361.78, &quot;molecularFormula&quot;: &quot;C17H16ClN3O4&quot;, &quot;acdLogp&quot;: 1.44, &quot;knownDrug&quot;: &quot;No&quot;, &quot;stdInChiKey&quot;: &quot;KNHIRORWMDTOLO-BNGXUDDSSA-N&quot;, &quot;species&quot;: &quot;NEUTRAL&quot;, &quot;synonyms&quot;: null, &quot;medChemFriendly&quot;: &quot;Yes&quot;, &quot;rotatableBonds&quot;: 3, &quot;acdBasicPka&quot;: 3.29, &quot;alogp&quot;: 1.72, &quot;preferredCompoundName&quot;: null, &quot;numRo5Violations&quot;: 0, &quot;acdLogd&quot;: 1.44, &quot;acdAcidicPka&quot;: 12.33}, {&quot;smiles&quot;: &quot;OC[C@H]1O[C@H]([C@H](O)[C@@H]1O)n2ccc3c(ncnc23)c4ccc(F)cc4&quot;, &quot;chemblId&quot;: &quot;CHEMBL572052&quot;, &quot;passesRuleOfThree&quot;: &quot;No&quot;, &quot;molecularWeight&quot;: 345.33, &quot;molecularFormula&quot;: &quot;C17H16FN3O4&quot;, &quot;acdLogp&quot;: 0.83, &quot;knownDrug&quot;: &quot;No&quot;, &quot;stdInChiKey&quot;: &quot;RSOIPRIAXQURHZ-DNNBLBMLSA-N&quot;, &quot;species&quot;: &quot;NEUTRAL&quot;, &quot;synonyms&quot;: null, &quot;medChemFriendly&quot;: &quot;Yes&quot;, &quot;rotatableBonds&quot;: 3, &quot;acdBasicPka&quot;: 3.76, &quot;alogp&quot;: 1.26, &quot;preferredCompoundName&quot;: null, &quot;numRo5Violations&quot;: 0, &quot;acdLogd&quot;: 0.83, &quot;acdAcidicPka&quot;: 12.43}, {&quot;smiles&quot;: &quot;OC[C@H]1O[C@H]([C@H](O)[C@@H]1O)n2cc(F)c3c(ncnc23)c4ccccc4&quot;, &quot;chemblId&quot;: &quot;CHEMBL584541&quot;, &quot;passesRuleOfThree&quot;: &quot;No&quot;, &quot;molecularWeight&quot;: 345.33, &quot;molecularFormula&quot;: &quot;C17H16FN3O4&quot;, &quot;acdLogp&quot;: 0.95, &quot;knownDrug&quot;: &quot;No&quot;, &quot;stdInChiKey&quot;: &quot;SUIDQUWDIFNDPT-BNGXUDDSSA-N&quot;, &quot;species&quot;: &quot;NEUTRAL&quot;, &quot;synonyms&quot;: null, &quot;medChemFriendly&quot;: &quot;Yes&quot;, &quot;rotatableBonds&quot;: 3, &quot;acdBasicPka&quot;: 3.56, &quot;alogp&quot;: 1.26, &quot;preferredCompoundName&quot;: null, &quot;numRo5Violations&quot;: 0, &quot;acdLogd&quot;: 0.95, &quot;acdAcidicPka&quot;: 12.31}, {&quot;smiles&quot;: &quot;FC(F)(F)C1Nc2ccccc2c3ncnc4[nH]cc1c34&quot;, &quot;chemblId&quot;: &quot;CHEMBL602842&quot;, &quot;passesRuleOfThree&quot;: &quot;No&quot;, &quot;molecularWeight&quot;: 290.24, &quot;molecularFormula&quot;: &quot;C14H9F3N4&quot;, &quot;acdLogp&quot;: 3.57, &quot;knownDrug&quot;: &quot;No&quot;, &quot;stdInChiKey&quot;: &quot;GXNBRSMJMYHDAO-UHFFFAOYSA-N&quot;, &quot;species&quot;: &quot;NEUTRAL&quot;, &quot;synonyms&quot;: null, &quot;medChemFriendly&quot;: &quot;Yes&quot;, &quot;rotatableBonds&quot;: 1, &quot;acdBasicPka&quot;: 3.57, &quot;alogp&quot;: 3.09, &quot;preferredCompoundName&quot;: null, &quot;numRo5Violations&quot;: 0, &quot;acdLogd&quot;: 3.57, &quot;acdAcidicPka&quot;: 11.13}, {&quot;smiles&quot;: &quot;C(OCc1ccccc1)C2Nc3ccccc3c4ncnc5[nH]cc2c45&quot;, &quot;chemblId&quot;: &quot;CHEMBL589145&quot;, &quot;passesRuleOfThree&quot;: &quot;No&quot;, &quot;molecularWeight&quot;: 342.39, &quot;molecularFormula&quot;: &quot;C21H18N4O&quot;, &quot;acdLogp&quot;: 4.04, &quot;knownDrug&quot;: &quot;No&quot;, &quot;stdInChiKey&quot;: &quot;KZEDBHGMDQYYNT-UHFFFAOYSA-N&quot;, &quot;species&quot;: &quot;NEUTRAL&quot;, &quot;synonyms&quot;: null, &quot;medChemFriendly&quot;: &quot;Yes&quot;, &quot;rotatableBonds&quot;: 4, &quot;acdBasicPka&quot;: 4.06, &quot;alogp&quot;: 3.53, &quot;preferredCompoundName&quot;: null, &quot;numRo5Violations&quot;: 0, &quot;acdLogd&quot;: 4.04, &quot;acdAcidicPka&quot;: 11.74}, {&quot;smiles&quot;: &quot;N1C(c2ccccc2)c3c[nH]c4ncnc(c5ccccc15)c34&quot;, &quot;chemblId&quot;: &quot;CHEMBL604037&quot;, &quot;passesRuleOfThree&quot;: &quot;No&quot;, &quot;molecularWeight&quot;: 298.34, &quot;molecularFormula&quot;: &quot;C19H14N4&quot;, &quot;acdLogp&quot;: 3.88, &quot;knownDrug&quot;: &quot;No&quot;, &quot;stdInChiKey&quot;: &quot;NGSGFCQHFWSVGJ-UHFFFAOYSA-N&quot;, &quot;species&quot;: &quot;NEUTRAL&quot;, &quot;synonyms&quot;: null, &quot;medChemFriendly&quot;: &quot;Yes&quot;, &quot;rotatableBonds&quot;: 1, &quot;acdBasicPka&quot;: 4.05, &quot;alogp&quot;: 3.67, &quot;preferredCompoundName&quot;: null, &quot;numRo5Violations&quot;: 0, &quot;acdLogd&quot;: 3.88, &quot;acdAcidicPka&quot;: 11.73}, {&quot;smiles&quot;: &quot;Fc1cccc(c1)C2Nc3ccccc3c4ncnc5[nH]cc2c45&quot;, &quot;chemblId&quot;: &quot;CHEMBL592270&quot;, &quot;passesRuleOfThree&quot;: &quot;No&quot;, &quot;molecularWeight&quot;: 316.33, &quot;molecularFormula&quot;: &quot;C19H13FN4&quot;, &quot;acdLogp&quot;: 3.72, &quot;knownDrug&quot;: &quot;No&quot;, &quot;stdInChiKey&quot;: &quot;HEMDFSGBBQGHGS-UHFFFAOYSA-N&quot;, &quot;species&quot;: &quot;NEUTRAL&quot;, &quot;synonyms&quot;: null, &quot;medChemFriendly&quot;: &quot;Yes&quot;, &quot;rotatableBonds&quot;: 1, &quot;acdBasicPka&quot;: 3.98, &quot;alogp&quot;: 3.87, &quot;preferredCompoundName&quot;: null, &quot;numRo5Violations&quot;: 0, &quot;acdLogd&quot;: 3.72, &quot;acdAcidicPka&quot;: 11.65}, {&quot;smiles&quot;: &quot;Oc1ccc(C2Nc3ccccc3c4ncnc5[nH]cc2c45)c(F)c1&quot;, &quot;chemblId&quot;: &quot;CHEMBL604038&quot;, &quot;passesRuleOfThree&quot;: &quot;No&quot;, &quot;molecularWeight&quot;: 332.33, &quot;molecularFormula&quot;: &quot;C19H13FN4O&quot;, &quot;acdLogp&quot;: 3.81, &quot;knownDrug&quot;: &quot;No&quot;, &quot;stdInChiKey&quot;: &quot;IROWCEJAOYOCFJ-UHFFFAOYSA-N&quot;, &quot;species&quot;: &quot;NEUTRAL&quot;, &quot;synonyms&quot;: null, &quot;medChemFriendly&quot;: &quot;Yes&quot;, &quot;rotatableBonds&quot;: 1, &quot;acdBasicPka&quot;: 3.91, &quot;alogp&quot;: 3.63, &quot;preferredCompoundName&quot;: null, &quot;numRo5Violations&quot;: 0, &quot;acdLogd&quot;: 3.79, &quot;acdAcidicPka&quot;: 8.78}, {&quot;smiles&quot;: &quot;Oc1ccc(cc1F)C2Nc3ccccc3c4ncnc5[nH]cc2c45&quot;, &quot;chemblId&quot;: &quot;CHEMBL589869&quot;, &quot;passesRuleOfThree&quot;: &quot;No&quot;, &quot;molecularWeight&quot;: 332.33, &quot;molecularFormula&quot;: &quot;C19H13FN4O&quot;, &quot;acdLogp&quot;: 3.28, &quot;knownDrug&quot;: &quot;No&quot;, &quot;stdInChiKey&quot;: &quot;OSIJBHLNHYZDAT-UHFFFAOYSA-N&quot;, &quot;species&quot;: &quot;NEUTRAL&quot;, &quot;synonyms&quot;: null, &quot;medChemFriendly&quot;: &quot;Yes&quot;, &quot;rotatableBonds&quot;: 1, &quot;acdBasicPka&quot;: 3.93, &quot;alogp&quot;: 3.63, &quot;preferredCompoundName&quot;: null, &quot;numRo5Violations&quot;: 0, &quot;acdLogd&quot;: 3.24, &quot;acdAcidicPka&quot;: 8.52}, {&quot;smiles&quot;: &quot;O=C1N2C(c3ccccc13)c4c[nH]c5ncnc(c6ccccc26)c45&quot;, &quot;chemblId&quot;: &quot;CHEMBL601268&quot;, &quot;passesRuleOfThree&quot;: &quot;No&quot;, &quot;molecularWeight&quot;: 324.34, &quot;molecularFormula&quot;: &quot;C20H12N4O&quot;, &quot;acdLogp&quot;: 0.03, &quot;knownDrug&quot;: &quot;No&quot;, &quot;stdInChiKey&quot;: &quot;VZPSNTAJTYQORF-UHFFFAOYSA-N&quot;, &quot;species&quot;: &quot;NEUTRAL&quot;, &quot;synonyms&quot;: null, &quot;medChemFriendly&quot;: &quot;Yes&quot;, &quot;rotatableBonds&quot;: 0, &quot;acdBasicPka&quot;: 4.02, &quot;alogp&quot;: 3.02, &quot;preferredCompoundName&quot;: null, &quot;numRo5Violations&quot;: 0, &quot;acdLogd&quot;: 0.03, &quot;acdAcidicPka&quot;: 11.69}, {&quot;smiles&quot;: &quot;CCOC(=O)C1(Nc2ccccc2c3ncnc4[nH]cc1c34)c5ccc(O)cc5&quot;, &quot;chemblId&quot;: &quot;CHEMBL602100&quot;, &quot;passesRuleOfThree&quot;: &quot;No&quot;, &quot;molecularWeight&quot;: 386.40, &quot;molecularFormula&quot;: &quot;C22H18N4O3&quot;, &quot;acdLogp&quot;: 4.49, &quot;knownDrug&quot;: &quot;No&quot;, &quot;stdInChiKey&quot;: &quot;OFXSAXAQVKKCEQ-UHFFFAOYSA-N&quot;, &quot;species&quot;: &quot;NEUTRAL&quot;, &quot;synonyms&quot;: null, &quot;medChemFriendly&quot;: &quot;Yes&quot;, &quot;rotatableBonds&quot;: 4, &quot;acdBasicPka&quot;: 3.60, &quot;alogp&quot;: 3.55, &quot;preferredCompoundName&quot;: null, &quot;numRo5Violations&quot;: 0, &quot;acdLogd&quot;: 4.49, &quot;acdAcidicPka&quot;: 9.74}, {&quot;smiles&quot;: &quot;COC(=O)[C@H](C)NP(=O)(OC[C@H]1O[C@H]([C@H](O)[C@@H]1O)n2ccc3c(ncnc23)c4ccccc4)Oc5ccccc5&quot;, &quot;chemblId&quot;: &quot;CHEMBL1642647&quot;, &quot;passesRuleOfThree&quot;: &quot;No&quot;, &quot;molecularWeight&quot;: 568.51, &quot;molecularFormula&quot;: &quot;C27H29N4O8P&quot;, &quot;acdLogp&quot;: 2.69, &quot;knownDrug&quot;: &quot;No&quot;, &quot;stdInChiKey&quot;: &quot;UPMXMZKIRVGUTK-UDIXBATPSA-N&quot;, &quot;species&quot;: &quot;NEUTRAL&quot;, &quot;synonyms&quot;: null, &quot;medChemFriendly&quot;: &quot;No&quot;, &quot;rotatableBonds&quot;: 11, &quot;acdBasicPka&quot;: 3.98, &quot;alogp&quot;: 2.55, &quot;preferredCompoundName&quot;: null, &quot;numRo5Violations&quot;: 1, &quot;acdLogd&quot;: 2.69, &quot;acdAcidicPka&quot;: 12.32}, {&quot;smiles&quot;: &quot;CCOC(=O)[C@H](C)NP(=O)(OC[C@H]1O[C@H]([C@H](O)[C@@H]1O)n2ccc3c(ncnc23)c4ccccc4)Oc5ccccc5&quot;, &quot;chemblId&quot;: &quot;CHEMBL1642648&quot;, &quot;passesRuleOfThree&quot;: &quot;No&quot;, &quot;molecularWeight&quot;: 582.54, &quot;molecularFormula&quot;: &quot;C28H31N4O8P&quot;, &quot;acdLogp&quot;: 3.20, &quot;knownDrug&quot;: &quot;No&quot;, &quot;stdInChiKey&quot;: &quot;BJGVNNNWFKRSOM-GNWQLYFHSA-N&quot;, &quot;species&quot;: &quot;NEUTRAL&quot;, &quot;synonyms&quot;: null, &quot;medChemFriendly&quot;: &quot;No&quot;, &quot;rotatableBonds&quot;: 12, &quot;acdBasicPka&quot;: 3.98, &quot;alogp&quot;: 2.90, &quot;preferredCompoundName&quot;: null, &quot;numRo5Violations&quot;: 1, &quot;acdLogd&quot;: 3.20, &quot;acdAcidicPka&quot;: 12.32}, {&quot;smiles&quot;: &quot;C[C@H](NP(=O)(OC[C@H]1O[C@H]([C@H](O)[C@@H]1O)n2ccc3c(ncnc23)c4ccccc4)Oc5ccccc5)C(=O)OCc6ccccc6&quot;, &quot;chemblId&quot;: &quot;CHEMBL1642649&quot;, &quot;passesRuleOfThree&quot;: &quot;No&quot;, &quot;molecularWeight&quot;: 644.61, &quot;molecularFormula&quot;: &quot;C33H33N4O8P&quot;, &quot;acdLogp&quot;: 4.44, &quot;knownDrug&quot;: &quot;No&quot;, &quot;stdInChiKey&quot;: &quot;CKJPAYHPSZUYRZ-APZVFKNISA-N&quot;, &quot;species&quot;: &quot;NEUTRAL&quot;, &quot;synonyms&quot;: null, &quot;medChemFriendly&quot;: &quot;No&quot;, &quot;rotatableBonds&quot;: 13, &quot;acdBasicPka&quot;: 3.98, &quot;alogp&quot;: 4.14, &quot;preferredCompoundName&quot;: null, &quot;numRo5Violations&quot;: 1, &quot;acdLogd&quot;: 4.44, &quot;acdAcidicPka&quot;: 12.32}, {&quot;smiles&quot;: &quot;COC(=O)[C@H](C)NP(=O)(OC[C@H]1O[C@H]([C@H](O)[C@@H]1O)n2ccc3c(ncnc23)c4cccc5c4oc6ccccc56)Oc7ccccc7&quot;, &quot;chemblId&quot;: &quot;CHEMBL1642650&quot;, &quot;passesRuleOfThree&quot;: &quot;No&quot;, &quot;molecularWeight&quot;: 658.59, &quot;molecularFormula&quot;: &quot;C33H31N4O9P&quot;, &quot;acdLogp&quot;: 4.79, &quot;knownDrug&quot;: &quot;No&quot;, &quot;stdInChiKey&quot;: &quot;DBLFBJZCGCZMKR-JOBIMAHLSA-N&quot;, &quot;species&quot;: &quot;NEUTRAL&quot;, &quot;synonyms&quot;: null, &quot;medChemFriendly&quot;: &quot;No&quot;, &quot;rotatableBonds&quot;: 11, &quot;acdBasicPka&quot;: 3.70, &quot;alogp&quot;: 4.06, &quot;preferredCompoundName&quot;: null, &quot;numRo5Violations&quot;: 1, &quot;acdLogd&quot;: 4.79, &quot;acdAcidicPka&quot;: 12.31}, {&quot;smiles&quot;: &quot;CCOC(=O)[C@H](C)NP(=O)(OC[C@H]1O[C@H]([C@H](O)[C@@H]1O)n2ccc3c(ncnc23)c4cccc5c4oc6ccccc56)Oc7ccccc7&quot;, &quot;chemblId&quot;: &quot;CHEMBL1642651&quot;, &quot;passesRuleOfThree&quot;: &quot;No&quot;, &quot;molecularWeight&quot;: 672.62, &quot;molecularFormula&quot;: &quot;C34H33N4O9P&quot;, &quot;acdLogp&quot;: 5.30, &quot;knownDrug&quot;: &quot;No&quot;, &quot;stdInChiKey&quot;: &quot;FZNIGTMDKLYKMT-CKEUCYIOSA-N&quot;, &quot;species&quot;: &quot;NEUTRAL&quot;, &quot;synonyms&quot;: null, &quot;medChemFriendly&quot;: &quot;No&quot;, &quot;rotatableBonds&quot;: 12, &quot;acdBasicPka&quot;: 3.70, &quot;alogp&quot;: 4.40, &quot;preferredCompoundName&quot;: null, &quot;numRo5Violations&quot;: 1, &quot;acdLogd&quot;: 5.30, &quot;acdAcidicPka&quot;: 12.31}, {&quot;smiles&quot;: &quot;C[C@H](NP(=O)(OC[C@H]1O[C@H]([C@H](O)[C@@H]1O)n2ccc3c(ncnc23)c4cccc5c4oc6ccccc56)Oc7ccccc7)C(=O)OCc8ccccc8&quot;, &quot;chemblId&quot;: &quot;CHEMBL1642652&quot;, &quot;passesRuleOfThree&quot;: &quot;No&quot;, &quot;molecularWeight&quot;: 734.69, &quot;molecularFormula&quot;: &quot;C39H35N4O9P&quot;, &quot;acdLogp&quot;: 6.54, &quot;knownDrug&quot;: &quot;No&quot;, &quot;stdInChiKey&quot;: &quot;UVCMKMYNQHBTHH-ZIFRDFKFSA-N&quot;, &quot;species&quot;: &quot;NEUTRAL&quot;, &quot;synonyms&quot;: null, &quot;medChemFriendly&quot;: &quot;No&quot;, &quot;rotatableBonds&quot;: 13, &quot;acdBasicPka&quot;: 3.70, &quot;alogp&quot;: 5.64, &quot;preferredCompoundName&quot;: null, &quot;numRo5Violations&quot;: 2, &quot;acdLogd&quot;: 6.54, &quot;acdAcidicPka&quot;: 12.31}, {&quot;smiles&quot;: &quot;OC[C@H]1O[C@H]([C@H](O)[C@@H]1O)n2ccc3c(ncnc23)c4cccc5c4oc6ccccc56&quot;, &quot;chemblId&quot;: &quot;CHEMBL1642653&quot;, &quot;passesRuleOfThree&quot;: &quot;No&quot;, &quot;molecularWeight&quot;: 417.41, &quot;molecularFormula&quot;: &quot;C23H19N3O5&quot;, &quot;acdLogp&quot;: 2.99, &quot;knownDrug&quot;: &quot;No&quot;, &quot;stdInChiKey&quot;: &quot;KAMGJNQWHLPIEN-ZDXOVATRSA-N&quot;, &quot;species&quot;: &quot;NEUTRAL&quot;, &quot;synonyms&quot;: null, &quot;medChemFriendly&quot;: &quot;Yes&quot;, &quot;rotatableBonds&quot;: 3, &quot;acdBasicPka&quot;: 3.70, &quot;alogp&quot;: 2.56, &quot;preferredCompoundName&quot;: null, &quot;numRo5Violations&quot;: 0, &quot;acdLogd&quot;: 2.99, &quot;acdAcidicPka&quot;: 12.43}, {&quot;smiles&quot;: &quot;COc1cc(c(Cl)cc1Cl)c2nc(C)nc3[nH]cc(C#N)c23&quot;, &quot;chemblId&quot;: &quot;CHEMBL1738737&quot;, &quot;passesRuleOfThree&quot;: &quot;No&quot;, &quot;molecularWeight&quot;: 333.17, &quot;molecularFormula&quot;: &quot;C15H10Cl2N4O&quot;, &quot;acdLogp&quot;: 3.30, &quot;knownDrug&quot;: &quot;No&quot;, &quot;stdInChiKey&quot;: &quot;XQAFNWQVIXKAPE-UHFFFAOYSA-N&quot;, &quot;species&quot;: &quot;NEUTRAL&quot;, &quot;synonyms&quot;: null, &quot;medChemFriendly&quot;: &quot;Yes&quot;, &quot;rotatableBonds&quot;: 2, &quot;acdBasicPka&quot;: 2.04, &quot;alogp&quot;: 3.64, &quot;preferredCompoundName&quot;: null, &quot;numRo5Violations&quot;: 0, &quot;acdLogd&quot;: 3.29, &quot;acdAcidicPka&quot;: 9.12}, {&quot;smiles&quot;: &quot;COc1cc(c(Cl)cc1Cl)c2nc(C)nc3[nH]c(C)c(C#N)c23&quot;, &quot;chemblId&quot;: &quot;CHEMBL1738738&quot;, &quot;passesRuleOfThree&quot;: &quot;No&quot;, &quot;molecularWeight&quot;: 347.20, &quot;molecularFormula&quot;: &quot;C16H12Cl2N4O&quot;, &quot;acdLogp&quot;: 3.58, &quot;knownDrug&quot;: &quot;No&quot;, &quot;stdInChiKey&quot;: &quot;MCTFCIHBXQNCGL-UHFFFAOYSA-N&quot;, &quot;species&quot;: &quot;NEUTRAL&quot;, &quot;synonyms&quot;: null, &quot;medChemFriendly&quot;: &quot;Yes&quot;, &quot;rotatableBonds&quot;: 2, &quot;acdBasicPka&quot;: 2.15, &quot;alogp&quot;: 3.78, &quot;preferredCompoundName&quot;: null, &quot;numRo5Violations&quot;: 0, &quot;acdLogd&quot;: 3.58, &quot;acdAcidicPka&quot;: 9.70}, {&quot;smiles&quot;: &quot;COc1cc(c(Cl)cc1Cl)c2nc(C)nc3[nH]ccc23&quot;, &quot;chemblId&quot;: &quot;CHEMBL1779586&quot;, &quot;passesRuleOfThree&quot;: &quot;No&quot;, &quot;molecularWeight&quot;: 308.16, &quot;molecularFormula&quot;: &quot;C14H11Cl2N3O&quot;, &quot;acdLogp&quot;: 3.82, &quot;knownDrug&quot;: &quot;No&quot;, &quot;stdInChiKey&quot;: &quot;UTOILPPAPPDCSN-UHFFFAOYSA-N&quot;, &quot;species&quot;: &quot;NEUTRAL&quot;, &quot;synonyms&quot;: null, &quot;medChemFriendly&quot;: &quot;Yes&quot;, &quot;rotatableBonds&quot;: 2, &quot;acdBasicPka&quot;: 3.51, &quot;alogp&quot;: 3.76, &quot;preferredCompoundName&quot;: null, &quot;numRo5Violations&quot;: 0, &quot;acdLogd&quot;: 3.82, &quot;acdAcidicPka&quot;: 11.52}, {&quot;smiles&quot;: &quot;COc1cc(c(Cl)cc1Cl)c2nc(C)nc3[nH]cc(C(=O)C)c23&quot;, &quot;chemblId&quot;: &quot;CHEMBL1779587&quot;, &quot;passesRuleOfThree&quot;: &quot;No&quot;, &quot;molecularWeight&quot;: 350.20, &quot;molecularFormula&quot;: &quot;C16H13Cl2N3O2&quot;, &quot;acdLogp&quot;: 3.29, &quot;knownDrug&quot;: &quot;No&quot;, &quot;stdInChiKey&quot;: &quot;HRVAEDMCCCBEQB-UHFFFAOYSA-N&quot;, &quot;species&quot;: &quot;NEUTRAL&quot;, &quot;synonyms&quot;: null, &quot;medChemFriendly&quot;: &quot;Yes&quot;, &quot;rotatableBonds&quot;: 3, &quot;acdBasicPka&quot;: 2.44, &quot;alogp&quot;: 3.50, &quot;preferredCompoundName&quot;: null, &quot;numRo5Violations&quot;: 0, &quot;acdLogd&quot;: 3.29, &quot;acdAcidicPka&quot;: 9.89}, {&quot;smiles&quot;: &quot;COc1cc(c(Cl)cc1Cl)c2nc(C)nc3[nH]cc(F)c23&quot;, &quot;chemblId&quot;: &quot;CHEMBL1779588&quot;, &quot;passesRuleOfThree&quot;: &quot;No&quot;, &quot;molecularWeight&quot;: 326.15, &quot;molecularFormula&quot;: &quot;C14H10Cl2FN3O&quot;, &quot;acdLogp&quot;: 3.95, &quot;knownDrug&quot;: &quot;No&quot;, &quot;stdInChiKey&quot;: &quot;HZSHCNIPKGQMCM-UHFFFAOYSA-N&quot;, &quot;species&quot;: &quot;NEUTRAL&quot;, &quot;synonyms&quot;: null, &quot;medChemFriendly&quot;: &quot;Yes&quot;, &quot;rotatableBonds&quot;: 2, &quot;acdBasicPka&quot;: 3.09, &quot;alogp&quot;: 3.96, &quot;preferredCompoundName&quot;: null, &quot;numRo5Violations&quot;: 0, &quot;acdLogd&quot;: 3.94, &quot;acdAcidicPka&quot;: 10.06}, {&quot;smiles&quot;: &quot;COc1cc(c(Cl)cc1Cl)c2nc(C)nc3[nH]cc(Cl)c23&quot;, &quot;chemblId&quot;: &quot;CHEMBL1779589&quot;, &quot;passesRuleOfThree&quot;: &quot;No&quot;, &quot;molecularWeight&quot;: 342.61, &quot;molecularFormula&quot;: &quot;C14H10Cl3N3O&quot;, &quot;acdLogp&quot;: 4.80, &quot;knownDrug&quot;: &quot;No&quot;, &quot;stdInChiKey&quot;: &quot;SQWNDVOWQWKPHF-UHFFFAOYSA-N&quot;, &quot;species&quot;: &quot;NEUTRAL&quot;, &quot;synonyms&quot;: null, &quot;medChemFriendly&quot;: &quot;Yes&quot;, &quot;rotatableBonds&quot;: 2, &quot;acdBasicPka&quot;: 2.82, &quot;alogp&quot;: 4.42, &quot;preferredCompoundName&quot;: null, &quot;numRo5Violations&quot;: 0, &quot;acdLogd&quot;: 4.80, &quot;acdAcidicPka&quot;: 9.94}, {&quot;smiles&quot;: &quot;COc1cc(c(Cl)cc1Cl)c2nc(C)nc3[nH]c(C)cc23&quot;, &quot;chemblId&quot;: &quot;CHEMBL1779590&quot;, &quot;passesRuleOfThree&quot;: &quot;No&quot;, &quot;molecularWeight&quot;: 322.19, &quot;molecularFormula&quot;: &quot;C15H13Cl2N3O&quot;, &quot;acdLogp&quot;: 3.87, &quot;knownDrug&quot;: &quot;No&quot;, &quot;stdInChiKey&quot;: &quot;KKSXYVCGRGBHJZ-UHFFFAOYSA-N&quot;, &quot;species&quot;: &quot;NEUTRAL&quot;, &quot;synonyms&quot;: null, &quot;medChemFriendly&quot;: &quot;Yes&quot;, &quot;rotatableBonds&quot;: 2, &quot;acdBasicPka&quot;: 3.63, &quot;alogp&quot;: 3.90, &quot;preferredCompoundName&quot;: null, &quot;numRo5Violations&quot;: 0, &quot;acdLogd&quot;: 3.87, &quot;acdAcidicPka&quot;: 12.09}, {&quot;smiles&quot;: &quot;COc1cc(c(Cl)cc1Cl)c2nc(C)nc3[nH]c(C)c(Cl)c23&quot;, &quot;chemblId&quot;: &quot;CHEMBL1779591&quot;, &quot;passesRuleOfThree&quot;: &quot;No&quot;, &quot;molecularWeight&quot;: 356.63, &quot;molecularFormula&quot;: &quot;C15H12Cl3N3O&quot;, &quot;acdLogp&quot;: 4.82, &quot;knownDrug&quot;: &quot;No&quot;, &quot;stdInChiKey&quot;: &quot;AXILFFFRRPESNK-UHFFFAOYSA-N&quot;, &quot;species&quot;: &quot;NEUTRAL&quot;, &quot;synonyms&quot;: null, &quot;medChemFriendly&quot;: &quot;Yes&quot;, &quot;rotatableBonds&quot;: 2, &quot;acdBasicPka&quot;: 2.94, &quot;alogp&quot;: 4.57, &quot;preferredCompoundName&quot;: null, &quot;numRo5Violations&quot;: 0, &quot;acdLogd&quot;: 4.82, &quot;acdAcidicPka&quot;: 10.51}, {&quot;smiles&quot;: &quot;CCc1[nH]c2nc(C)nc(c3cc(OC)c(Cl)cc3Cl)c2c1C#N&quot;, &quot;chemblId&quot;: &quot;CHEMBL1779734&quot;, &quot;passesRuleOfThree&quot;: &quot;No&quot;, &quot;molecularWeight&quot;: 361.23, &quot;molecularFormula&quot;: &quot;C17H14Cl2N4O&quot;, &quot;acdLogp&quot;: 4.09, &quot;knownDrug&quot;: &quot;No&quot;, &quot;stdInChiKey&quot;: &quot;JBONTTFKXPZARB-UHFFFAOYSA-N&quot;, &quot;species&quot;: &quot;NEUTRAL&quot;, &quot;synonyms&quot;: null, &quot;medChemFriendly&quot;: &quot;Yes&quot;, &quot;rotatableBonds&quot;: 3, &quot;acdBasicPka&quot;: 2.15, &quot;alogp&quot;: 4.45, &quot;preferredCompoundName&quot;: null, &quot;numRo5Violations&quot;: 0, &quot;acdLogd&quot;: 4.09, &quot;acdAcidicPka&quot;: 9.65}, {&quot;smiles&quot;: &quot;CC(C)NC(=O)c1cccc(NC(=O)Nc2ccc(cc2)c3ncnc4[nH]ccc34)c1&quot;, &quot;chemblId&quot;: &quot;CHEMBL1951344&quot;, &quot;passesRuleOfThree&quot;: &quot;No&quot;, &quot;molecularWeight&quot;: 414.46, &quot;molecularFormula&quot;: &quot;C23H22N6O2&quot;, &quot;acdLogp&quot;: 2.61, &quot;knownDrug&quot;: &quot;No&quot;, &quot;stdInChiKey&quot;: &quot;AHEOXHOZNNFHHZ-UHFFFAOYSA-N&quot;, &quot;species&quot;: &quot;NEUTRAL&quot;, &quot;synonyms&quot;: null, &quot;medChemFriendly&quot;: &quot;Yes&quot;, &quot;rotatableBonds&quot;: 5, &quot;acdBasicPka&quot;: 4.17, &quot;alogp&quot;: 3.12, &quot;preferredCompoundName&quot;: null, &quot;numRo5Violations&quot;: 0, &quot;acdLogd&quot;: 2.61, &quot;acdAcidicPka&quot;: 12.02}, {&quot;smiles&quot;: &quot;CC(C)NC(=O)c1cccc(NC(=O)Nc2ccc(cc2)c3ncnc4c3ccn4C)c1&quot;, &quot;chemblId&quot;: &quot;CHEMBL1951345&quot;, &quot;passesRuleOfThree&quot;: &quot;No&quot;, &quot;molecularWeight&quot;: 428.49, &quot;molecularFormula&quot;: &quot;C24H24N6O2&quot;, &quot;acdLogp&quot;: 2.64, &quot;knownDrug&quot;: &quot;No&quot;, &quot;stdInChiKey&quot;: &quot;HENQQNHTKQZKIP-UHFFFAOYSA-N&quot;, &quot;species&quot;: &quot;NEUTRAL&quot;, &quot;synonyms&quot;: null, &quot;medChemFriendly&quot;: &quot;Yes&quot;, &quot;rotatableBonds&quot;: 5, &quot;acdBasicPka&quot;: 4.31, &quot;alogp&quot;: 3.32, &quot;preferredCompoundName&quot;: null, &quot;numRo5Violations&quot;: 0, &quot;acdLogd&quot;: 2.64, &quot;acdAcidicPka&quot;: 13.78}, {&quot;smiles&quot;: &quot;CC(C)NC(=O)c1cccc(NC(=O)Nc2ccc(cc2)c3ncnc4[nH]cc(C)c34)c1&quot;, &quot;chemblId&quot;: &quot;CHEMBL1951346&quot;, &quot;passesRuleOfThree&quot;: &quot;No&quot;, &quot;molecularWeight&quot;: 428.49, &quot;molecularFormula&quot;: &quot;C24H24N6O2&quot;, &quot;acdLogp&quot;: 2.65, &quot;knownDrug&quot;: &quot;No&quot;, &quot;stdInChiKey&quot;: &quot;DFFVLCZIIWJVNO-UHFFFAOYSA-N&quot;, &quot;species&quot;: &quot;NEUTRAL&quot;, &quot;synonyms&quot;: null, &quot;medChemFriendly&quot;: &quot;Yes&quot;, &quot;rotatableBonds&quot;: 5, &quot;acdBasicPka&quot;: 4.48, &quot;alogp&quot;: 3.60, &quot;preferredCompoundName&quot;: null, &quot;numRo5Violations&quot;: 0, &quot;acdLogd&quot;: 2.65, &quot;acdAcidicPka&quot;: 12.32}, {&quot;smiles&quot;: &quot;CCc1c[nH]c2ncnc(c3ccc(NC(=O)Nc4cccc(c4)C(=O)NC(C)C)cc3)c12&quot;, &quot;chemblId&quot;: &quot;CHEMBL1951347&quot;, &quot;passesRuleOfThree&quot;: &quot;No&quot;, &quot;molecularWeight&quot;: 442.51, &quot;molecularFormula&quot;: &quot;C25H26N6O2&quot;, &quot;acdLogp&quot;: 3.16, &quot;knownDrug&quot;: &quot;No&quot;, &quot;stdInChiKey&quot;: &quot;QXOYUYUTBFDIFD-UHFFFAOYSA-N&quot;, &quot;species&quot;: &quot;NEUTRAL&quot;, &quot;synonyms&quot;: null, &quot;medChemFriendly&quot;: &quot;Yes&quot;, &quot;rotatableBonds&quot;: 6, &quot;acdBasicPka&quot;: 4.45, &quot;alogp&quot;: 4.06, &quot;preferredCompoundName&quot;: null, &quot;numRo5Violations&quot;: 0, &quot;acdLogd&quot;: 3.15, &quot;acdAcidicPka&quot;: 12.32}, {&quot;smiles&quot;: &quot;CC(C)NC(=O)c1cccc(NC(=O)Nc2ccc(cc2)c3ncnc4[nH]cc(Cl)c34)c1&quot;, &quot;chemblId&quot;: &quot;CHEMBL1951348&quot;, &quot;passesRuleOfThree&quot;: &quot;No&quot;, &quot;molecularWeight&quot;: 448.90, &quot;molecularFormula&quot;: &quot;C23H21ClN6O2&quot;, &quot;acdLogp&quot;: 3.59, &quot;knownDrug&quot;: &quot;No&quot;, &quot;stdInChiKey&quot;: &quot;WRCCQNZGVMRARX-UHFFFAOYSA-N&quot;, &quot;species&quot;: &quot;NEUTRAL&quot;, &quot;synonyms&quot;: null, &quot;medChemFriendly&quot;: &quot;Yes&quot;, &quot;rotatableBonds&quot;: 5, &quot;acdBasicPka&quot;: 3.48, &quot;alogp&quot;: 3.78, &quot;preferredCompoundName&quot;: null, &quot;numRo5Violations&quot;: 0, &quot;acdLogd&quot;: 3.59, &quot;acdAcidicPka&quot;: 10.44}, {&quot;smiles&quot;: &quot;CC(=O)c1ccccc1c2ncnc3[nH]ccc23&quot;, &quot;chemblId&quot;: &quot;CHEMBL1977931&quot;, &quot;passesRuleOfThree&quot;: &quot;Yes&quot;, &quot;molecularWeight&quot;: 237.26, &quot;molecularFormula&quot;: &quot;C14H11N3O&quot;, &quot;acdLogp&quot;: 1.03, &quot;knownDrug&quot;: &quot;No&quot;, &quot;stdInChiKey&quot;: &quot;GMXNHZVARFMXAY-UHFFFAOYSA-N&quot;, &quot;species&quot;: &quot;NEUTRAL&quot;, &quot;synonyms&quot;: null, &quot;medChemFriendly&quot;: &quot;Yes&quot;, &quot;rotatableBonds&quot;: 2, &quot;acdBasicPka&quot;: 3.79, &quot;alogp&quot;: 2.23, &quot;preferredCompoundName&quot;: null, &quot;numRo5Violations&quot;: 0, &quot;acdLogd&quot;: 1.03, &quot;acdAcidicPka&quot;: 11.72}, {&quot;smiles&quot;: &quot;Cn1ccc2c(nc(nc12)N(C(=O)N)c3c(F)cccc3F)c4ccccc4F&quot;, &quot;chemblId&quot;: &quot;CHEMBL1981723&quot;, &quot;passesRuleOfThree&quot;: &quot;No&quot;, &quot;molecularWeight&quot;: 397.35, &quot;molecularFormula&quot;: &quot;C20H14F3N5O&quot;, &quot;acdLogp&quot;: 3.83, &quot;knownDrug&quot;: &quot;No&quot;, &quot;stdInChiKey&quot;: &quot;DZLANNZPSHAHPU-UHFFFAOYSA-N&quot;, &quot;species&quot;: &quot;NEUTRAL&quot;, &quot;synonyms&quot;: null, &quot;medChemFriendly&quot;: &quot;Yes&quot;, &quot;rotatableBonds&quot;: 3, &quot;acdBasicPka&quot;: 5.41, &quot;alogp&quot;: 4.53, &quot;preferredCompoundName&quot;: null, &quot;numRo5Violations&quot;: 0, &quot;acdLogd&quot;: 3.83, &quot;acdAcidicPka&quot;: 11.44}, {&quot;smiles&quot;: &quot;Cc1cc(ccc1F)c2ncnc3[nH]ccc23&quot;, &quot;chemblId&quot;: &quot;CHEMBL1997041&quot;, &quot;passesRuleOfThree&quot;: &quot;No&quot;, &quot;molecularWeight&quot;: 227.24, &quot;molecularFormula&quot;: &quot;C13H10FN3&quot;, &quot;acdLogp&quot;: 2.49, &quot;knownDrug&quot;: &quot;No&quot;, &quot;stdInChiKey&quot;: &quot;LZXPYCSHIFEZMR-UHFFFAOYSA-N&quot;, &quot;species&quot;: &quot;NEUTRAL&quot;, &quot;synonyms&quot;: null, &quot;medChemFriendly&quot;: &quot;Yes&quot;, &quot;rotatableBonds&quot;: 1, &quot;acdBasicPka&quot;: 3.94, &quot;alogp&quot;: 3.18, &quot;preferredCompoundName&quot;: null, &quot;numRo5Violations&quot;: 0, &quot;acdLogd&quot;: 2.49, &quot;acdAcidicPka&quot;: 11.84}, {&quot;smiles&quot;: &quot;C1Oc2ccc(cc2O1)c3ncnc4[nH]ccc34&quot;, &quot;chemblId&quot;: &quot;CHEMBL2004515&quot;, &quot;passesRuleOfThree&quot;: &quot;No&quot;, &quot;molecularWeight&quot;: 239.23, &quot;molecularFormula&quot;: &quot;C13H9N3O2&quot;, &quot;acdLogp&quot;: 2.01, &quot;knownDrug&quot;: &quot;No&quot;, &quot;stdInChiKey&quot;: &quot;QNLMLEYLZSGBHP-UHFFFAOYSA-N&quot;, &quot;species&quot;: &quot;NEUTRAL&quot;, &quot;synonyms&quot;: null, &quot;medChemFriendly&quot;: &quot;Yes&quot;, &quot;rotatableBonds&quot;: 1, &quot;acdBasicPka&quot;: 4.07, &quot;alogp&quot;: 2.26, &quot;preferredCompoundName&quot;: null, &quot;numRo5Violations&quot;: 0, &quot;acdLogd&quot;: 2.01, &quot;acdAcidicPka&quot;: 11.95}, {&quot;smiles&quot;: &quot;Cn1c2ccccc2c3c(c4ccccc4)[n+]5ccccc5nc13&quot;, &quot;chemblId&quot;: &quot;CHEMBL2010560&quot;, &quot;passesRuleOfThree&quot;: &quot;No&quot;, &quot;molecularWeight&quot;: 310.37, &quot;molecularFormula&quot;: &quot;C21H16N3&quot;, &quot;acdLogp&quot;: 2.21, &quot;knownDrug&quot;: &quot;No&quot;, &quot;stdInChiKey&quot;: &quot;APBQBWOZNORJMW-UHFFFAOYSA-N&quot;, &quot;species&quot;: null, &quot;synonyms&quot;: null, &quot;medChemFriendly&quot;: &quot;Yes&quot;, &quot;rotatableBonds&quot;: 1, &quot;acdBasicPka&quot;: null, &quot;alogp&quot;: 4.72, &quot;preferredCompoundName&quot;: null, &quot;numRo5Violations&quot;: 0, &quot;acdLogd&quot;: null, &quot;acdAcidicPka&quot;: null}, {&quot;smiles&quot;: &quot;Cc1c[nH]c2nc(Nc3ccc(cc3)N4CCN(CCO)CC4)nc(c5cccc(CC#N)c5)c12&quot;, &quot;chemblId&quot;: &quot;CHEMBL2023352&quot;, &quot;passesRuleOfThree&quot;: &quot;No&quot;, &quot;molecularWeight&quot;: 467.57, &quot;molecularFormula&quot;: &quot;C27H29N7O&quot;, &quot;acdLogp&quot;: 1.84, &quot;knownDrug&quot;: &quot;No&quot;, &quot;stdInChiKey&quot;: &quot;MGCQENKAQXDYRP-UHFFFAOYSA-N&quot;, &quot;species&quot;: &quot;NEUTRAL&quot;, &quot;synonyms&quot;: null, &quot;medChemFriendly&quot;: &quot;Yes&quot;, &quot;rotatableBonds&quot;: 7, &quot;acdBasicPka&quot;: 7.44, &quot;alogp&quot;: 4.54, &quot;preferredCompoundName&quot;: null, &quot;numRo5Violations&quot;: 0, &quot;acdLogd&quot;: 1.43, &quot;acdAcidicPka&quot;: 13.21}, {&quot;smiles&quot;: &quot;OC[C@H]1O[C@H]([C@H](O)[C@@H]1O)n2c3ccc(Cl)cc3c4c(ncnc24)c5ccccc5&quot;, &quot;chemblId&quot;: &quot;CHEMBL2146849&quot;, &quot;passesRuleOfThree&quot;: &quot;No&quot;, &quot;molecularWeight&quot;: 411.84, &quot;molecularFormula&quot;: &quot;C21H18ClN3O4&quot;, &quot;acdLogp&quot;: 2.60, &quot;knownDrug&quot;: &quot;No&quot;, &quot;stdInChiKey&quot;: &quot;MLJXWWZMDODOIP-OBZYLPMUSA-N&quot;, &quot;species&quot;: &quot;NEUTRAL&quot;, &quot;synonyms&quot;: null, &quot;medChemFriendly&quot;: &quot;Yes&quot;, &quot;rotatableBonds&quot;: 3, &quot;acdBasicPka&quot;: 3.49, &quot;alogp&quot;: 2.92, &quot;preferredCompoundName&quot;: null, &quot;numRo5Violations&quot;: 0, &quot;acdLogd&quot;: 2.60, &quot;acdAcidicPka&quot;: 12.32}, {&quot;smiles&quot;: &quot;COc1cc(Cl)c(cc1OC)c2nc(SCC(=O)N3CCC3)nc4[nH]cc(C#N)c24&quot;, &quot;chemblId&quot;: &quot;CHEMBL2158559&quot;, &quot;passesRuleOfThree&quot;: &quot;No&quot;, &quot;molecularWeight&quot;: 443.91, &quot;molecularFormula&quot;: &quot;C20H18ClN5O3S&quot;, &quot;acdLogp&quot;: 0.50, &quot;knownDrug&quot;: &quot;No&quot;, &quot;stdInChiKey&quot;: &quot;IKAPWACUZUYQHQ-UHFFFAOYSA-N&quot;, &quot;species&quot;: &quot;NEUTRAL&quot;, &quot;synonyms&quot;: null, &quot;medChemFriendly&quot;: &quot;Yes&quot;, &quot;rotatableBonds&quot;: 6, &quot;acdBasicPka&quot;: 1.35, &quot;alogp&quot;: 3.21, &quot;preferredCompoundName&quot;: null, &quot;numRo5Violations&quot;: 0, &quot;acdLogd&quot;: 0.47, &quot;acdAcidicPka&quot;: 8.64}, {&quot;smiles&quot;: &quot;CNC(=O)CSc1nc(c2cc(OC)c(OC)cc2Cl)c3c(c[nH]c3n1)C#N&quot;, &quot;chemblId&quot;: &quot;CHEMBL2158560&quot;, &quot;passesRuleOfThree&quot;: &quot;No&quot;, &quot;molecularWeight&quot;: 417.87, &quot;molecularFormula&quot;: &quot;C18H16ClN5O3S&quot;, &quot;acdLogp&quot;: 0.88, &quot;knownDrug&quot;: &quot;No&quot;, &quot;stdInChiKey&quot;: &quot;XTWAISKZQWHQJT-UHFFFAOYSA-N&quot;, &quot;species&quot;: &quot;NEUTRAL&quot;, &quot;synonyms&quot;: null, &quot;medChemFriendly&quot;: &quot;Yes&quot;, &quot;rotatableBonds&quot;: 6, &quot;acdBasicPka&quot;: 1.22, &quot;alogp&quot;: 3.12, &quot;preferredCompoundName&quot;: null, &quot;numRo5Violations&quot;: 0, &quot;acdLogd&quot;: 0.85, &quot;acdAcidicPka&quot;: 8.54}, {&quot;smiles&quot;: &quot;COc1cc(Cl)c(cc1O)c2nc(SCC(=O)N(C)C)nc3[nH]cc(C#N)c23&quot;, &quot;chemblId&quot;: &quot;CHEMBL2158561&quot;, &quot;passesRuleOfThree&quot;: &quot;No&quot;, &quot;molecularWeight&quot;: 417.87, &quot;molecularFormula&quot;: &quot;C18H16ClN5O3S&quot;, &quot;acdLogp&quot;: 1.05, &quot;knownDrug&quot;: &quot;No&quot;, &quot;stdInChiKey&quot;: &quot;CNCOWHMBYWEBGS-UHFFFAOYSA-N&quot;, &quot;species&quot;: &quot;NEUTRAL&quot;, &quot;synonyms&quot;: null, &quot;medChemFriendly&quot;: &quot;Yes&quot;, &quot;rotatableBonds&quot;: 5, &quot;acdBasicPka&quot;: 1.34, &quot;alogp&quot;: 3.10, &quot;preferredCompoundName&quot;: null, &quot;numRo5Violations&quot;: 0, &quot;acdLogd&quot;: 0.97, &quot;acdAcidicPka&quot;: 8.50}, {&quot;smiles&quot;: &quot;COc1cc(Cl)c(cc1OC)c2nc(SCC(=O)N(C)C)nc3[nH]cc(C#N)c23&quot;, &quot;chemblId&quot;: &quot;CHEMBL2158562&quot;, &quot;passesRuleOfThree&quot;: &quot;No&quot;, &quot;molecularWeight&quot;: 431.90, &quot;molecularFormula&quot;: &quot;C19H18ClN5O3S&quot;, &quot;acdLogp&quot;: 0.88, &quot;knownDrug&quot;: &quot;No&quot;, &quot;stdInChiKey&quot;: &quot;JLZNENFSPWZCAG-UHFFFAOYSA-N&quot;, &quot;species&quot;: &quot;NEUTRAL&quot;, &quot;synonyms&quot;: null, &quot;medChemFriendly&quot;: &quot;Yes&quot;, &quot;rotatableBonds&quot;: 6, &quot;acdBasicPka&quot;: 1.29, &quot;alogp&quot;: 3.33, &quot;preferredCompoundName&quot;: null, &quot;numRo5Violations&quot;: 0, &quot;acdLogd&quot;: 0.85, &quot;acdAcidicPka&quot;: 8.60}, {&quot;smiles&quot;: &quot;CCN(CC)CCOc1nc(c2cc(OC)c(Cl)cc2Cl)c3c(c[nH]c3n1)C#N&quot;, &quot;chemblId&quot;: &quot;CHEMBL2158008&quot;, &quot;passesRuleOfThree&quot;: &quot;No&quot;, &quot;molecularWeight&quot;: 434.32, &quot;molecularFormula&quot;: &quot;C20H21Cl2N5O2&quot;, &quot;acdLogp&quot;: 3.73, &quot;knownDrug&quot;: &quot;No&quot;, &quot;stdInChiKey&quot;: &quot;CPCBFJRWJFEXLH-UHFFFAOYSA-N&quot;, &quot;species&quot;: &quot;BASE&quot;, &quot;synonyms&quot;: null, &quot;medChemFriendly&quot;: &quot;Yes&quot;, &quot;rotatableBonds&quot;: 8, &quot;acdBasicPka&quot;: 9.22, &quot;alogp&quot;: 5.02, &quot;preferredCompoundName&quot;: null, &quot;numRo5Violations&quot;: 1, &quot;acdLogd&quot;: 2.20, &quot;acdAcidicPka&quot;: 8.70}, {&quot;smiles&quot;: &quot;CCN(CC)CCOc1cc(c(Cl)cc1Cl)c2nc(SCC(=O)NC)nc3[nH]cc(C#N)c23&quot;, &quot;chemblId&quot;: &quot;CHEMBL2158563&quot;, &quot;passesRuleOfThree&quot;: &quot;No&quot;, &quot;molecularWeight&quot;: 507.44, &quot;molecularFormula&quot;: &quot;C22H24Cl2N6O2S&quot;, &quot;acdLogp&quot;: 2.50, &quot;knownDrug&quot;: &quot;No&quot;, &quot;stdInChiKey&quot;: &quot;ABQRRZZEGCBSBT-UHFFFAOYSA-N&quot;, &quot;species&quot;: &quot;BASE&quot;, &quot;synonyms&quot;: null, &quot;medChemFriendly&quot;: &quot;Yes&quot;, &quot;rotatableBonds&quot;: 10, &quot;acdBasicPka&quot;: 9.44, &quot;alogp&quot;: 4.64, &quot;preferredCompoundName&quot;: null, &quot;numRo5Violations&quot;: 1, &quot;acdLogd&quot;: 0.45, &quot;acdAcidicPka&quot;: 8.08}, {&quot;smiles&quot;: &quot;CCN(CC)CCSc1nc(c2cc(OC)c(cc2Cl)C#N)c3c(c[nH]c3n1)C#N&quot;, &quot;chemblId&quot;: &quot;CHEMBL2158564&quot;, &quot;passesRuleOfThree&quot;: &quot;No&quot;, &quot;molecularWeight&quot;: 440.95, &quot;molecularFormula&quot;: &quot;C21H21ClN6OS&quot;, &quot;acdLogp&quot;: 3.08, &quot;knownDrug&quot;: &quot;No&quot;, &quot;stdInChiKey&quot;: &quot;HKUOVWSDWHZGOB-UHFFFAOYSA-N&quot;, &quot;species&quot;: &quot;BASE&quot;, &quot;synonyms&quot;: null, &quot;medChemFriendly&quot;: &quot;Yes&quot;, &quot;rotatableBonds&quot;: 8, &quot;acdBasicPka&quot;: 9.43, &quot;alogp&quot;: 4.80, &quot;preferredCompoundName&quot;: null, &quot;numRo5Violations&quot;: 0, &quot;acdLogd&quot;: 1.26, &quot;acdAcidicPka&quot;: 8.14}, {&quot;smiles&quot;: &quot;COc1cc(Cl)c(cc1OCCN2CCC(F)(F)C2)c3nc(SC(C)C)nc4[nH]cc(C#N)c34&quot;, &quot;chemblId&quot;: &quot;CHEMBL2158565&quot;, &quot;passesRuleOfThree&quot;: &quot;No&quot;, &quot;molecularWeight&quot;: 507.98, &quot;molecularFormula&quot;: &quot;C23H24ClF2N5O2S&quot;, &quot;acdLogp&quot;: 0.90, &quot;knownDrug&quot;: &quot;No&quot;, &quot;stdInChiKey&quot;: &quot;ZEXOIUMLZHCDEB-UHFFFAOYSA-N&quot;, &quot;species&quot;: &quot;NEUTRAL&quot;, &quot;synonyms&quot;: null, &quot;medChemFriendly&quot;: &quot;Yes&quot;, &quot;rotatableBonds&quot;: 8, &quot;acdBasicPka&quot;: 4.80, &quot;alogp&quot;: 5.49, &quot;preferredCompoundName&quot;: null, &quot;numRo5Violations&quot;: 2, &quot;acdLogd&quot;: 0.88, &quot;acdAcidicPka&quot;: 8.88}, {&quot;smiles&quot;: &quot;COc1cc(Cl)c(cc1OC)c2nc(SCC(=O)NC3CC3)nc4[nH]cc(C#N)c24&quot;, &quot;chemblId&quot;: &quot;CHEMBL2158566&quot;, &quot;passesRuleOfThree&quot;: &quot;No&quot;, &quot;molecularWeight&quot;: 443.91, &quot;molecularFormula&quot;: &quot;C20H18ClN5O3S&quot;, &quot;acdLogp&quot;: 1.27, &quot;knownDrug&quot;: &quot;No&quot;, &quot;stdInChiKey&quot;: &quot;TVGCNOBQTDMRAY-UHFFFAOYSA-N&quot;, &quot;species&quot;: &quot;NEUTRAL&quot;, &quot;synonyms&quot;: null, &quot;medChemFriendly&quot;: &quot;Yes&quot;, &quot;rotatableBonds&quot;: 7, &quot;acdBasicPka&quot;: 1.31, &quot;alogp&quot;: 3.61, &quot;preferredCompoundName&quot;: null, &quot;numRo5Violations&quot;: 0, &quot;acdLogd&quot;: 1.24, &quot;acdAcidicPka&quot;: 8.61}, {&quot;smiles&quot;: &quot;COc1cc(Cl)c(cc1O)c2nc(SCC(=O)NC3CC3)nc4[nH]cc(C#N)c24&quot;, &quot;chemblId&quot;: &quot;CHEMBL2158567&quot;, &quot;passesRuleOfThree&quot;: &quot;No&quot;, &quot;molecularWeight&quot;: 429.88, &quot;molecularFormula&quot;: &quot;C19H16ClN5O3S&quot;, &quot;acdLogp&quot;: 1.44, &quot;knownDrug&quot;: &quot;No&quot;, &quot;stdInChiKey&quot;: &quot;RYEVMHJPGKRTNZ-UHFFFAOYSA-N&quot;, &quot;species&quot;: &quot;NEUTRAL&quot;, &quot;synonyms&quot;: null, &quot;medChemFriendly&quot;: &quot;Yes&quot;, &quot;rotatableBonds&quot;: 6, &quot;acdBasicPka&quot;: 1.36, &quot;alogp&quot;: 3.39, &quot;preferredCompoundName&quot;: null, &quot;numRo5Violations&quot;: 0, &quot;acdLogd&quot;: 1.36, &quot;acdAcidicPka&quot;: 8.50}, {&quot;smiles&quot;: &quot;CCOc1cc(c(Cl)cc1OC)c2nc(SCC(=O)NC3CC3)nc4[nH]cc(C#N)c24&quot;, &quot;chemblId&quot;: &quot;CHEMBL2158568&quot;, &quot;passesRuleOfThree&quot;: &quot;No&quot;, &quot;molecularWeight&quot;: 457.93, &quot;molecularFormula&quot;: &quot;C21H20ClN5O3S&quot;, &quot;acdLogp&quot;: 1.78, &quot;knownDrug&quot;: &quot;No&quot;, &quot;stdInChiKey&quot;: &quot;IPVQLUODAXGWQI-UHFFFAOYSA-N&quot;, &quot;species&quot;: &quot;NEUTRAL&quot;, &quot;synonyms&quot;: null, &quot;medChemFriendly&quot;: &quot;Yes&quot;, &quot;rotatableBonds&quot;: 8, &quot;acdBasicPka&quot;: 1.33, &quot;alogp&quot;: 3.96, &quot;preferredCompoundName&quot;: null, &quot;numRo5Violations&quot;: 0, &quot;acdLogd&quot;: 1.75, &quot;acdAcidicPka&quot;: 8.63}, {&quot;smiles&quot;: &quot;COc1cc(Cl)c(cc1O)c2nc(SCC(=O)NC(C)C)nc3[nH]cc(C#N)c23&quot;, &quot;chemblId&quot;: &quot;CHEMBL2158569&quot;, &quot;passesRuleOfThree&quot;: &quot;No&quot;, &quot;molecularWeight&quot;: 431.90, &quot;molecularFormula&quot;: &quot;C19H18ClN5O3S&quot;, &quot;acdLogp&quot;: 1.91, &quot;knownDrug&quot;: &quot;No&quot;, &quot;stdInChiKey&quot;: &quot;RQSYKXYOCHXDFB-UHFFFAOYSA-N&quot;, &quot;species&quot;: &quot;NEUTRAL&quot;, &quot;synonyms&quot;: null, &quot;medChemFriendly&quot;: &quot;Yes&quot;, &quot;rotatableBonds&quot;: 6, &quot;acdBasicPka&quot;: 1.36, &quot;alogp&quot;: 3.62, &quot;preferredCompoundName&quot;: null, &quot;numRo5Violations&quot;: 0, &quot;acdLogd&quot;: 1.83, &quot;acdAcidicPka&quot;: 8.50}, {&quot;smiles&quot;: &quot;CCNC(=O)CSc1nc(c2cc(OC)c(OC)cc2Cl)c3c(c[nH]c3n1)C#N&quot;, &quot;chemblId&quot;: &quot;CHEMBL2158570&quot;, &quot;passesRuleOfThree&quot;: &quot;No&quot;, &quot;molecularWeight&quot;: 431.90, &quot;molecularFormula&quot;: &quot;C19H18ClN5O3S&quot;, &quot;acdLogp&quot;: 1.39, &quot;knownDrug&quot;: &quot;No&quot;, &quot;stdInChiKey&quot;: &quot;KHRQKDYYXZHHEP-UHFFFAOYSA-N&quot;, &quot;species&quot;: &quot;NEUTRAL&quot;, &quot;synonyms&quot;: null, &quot;medChemFriendly&quot;: &quot;Yes&quot;, &quot;rotatableBonds&quot;: 7, &quot;acdBasicPka&quot;: 1.35, &quot;alogp&quot;: 3.47, &quot;preferredCompoundName&quot;: null, &quot;numRo5Violations&quot;: 0, &quot;acdLogd&quot;: 1.36, &quot;acdAcidicPka&quot;: 8.64}, {&quot;smiles&quot;: &quot;CCNC(=O)CSc1nc(c2cc(OCC)c(OC)cc2Cl)c3c(c[nH]c3n1)C#N&quot;, &quot;chemblId&quot;: &quot;CHEMBL2158571&quot;, &quot;passesRuleOfThree&quot;: &quot;No&quot;, &quot;molecularWeight&quot;: 445.92, &quot;molecularFormula&quot;: &quot;C20H20ClN5O3S&quot;, &quot;acdLogp&quot;: 1.90, &quot;knownDrug&quot;: &quot;No&quot;, &quot;stdInChiKey&quot;: &quot;MJMSMUGTPWBERN-UHFFFAOYSA-N&quot;, &quot;species&quot;: &quot;NEUTRAL&quot;, &quot;synonyms&quot;: null, &quot;medChemFriendly&quot;: &quot;Yes&quot;, &quot;rotatableBonds&quot;: 8, &quot;acdBasicPka&quot;: 1.36, &quot;alogp&quot;: 3.82, &quot;preferredCompoundName&quot;: null, &quot;numRo5Violations&quot;: 0, &quot;acdLogd&quot;: 1.87, &quot;acdAcidicPka&quot;: 8.65}, {&quot;smiles&quot;: &quot;COc1cc(Cl)c(cc1O)c2nc(SCC(=O)NC(C)(C)C)nc3[nH]cc(C#N)c23&quot;, &quot;chemblId&quot;: &quot;CHEMBL2158572&quot;, &quot;passesRuleOfThree&quot;: &quot;No&quot;, &quot;molecularWeight&quot;: 445.92, &quot;molecularFormula&quot;: &quot;C20H20ClN5O3S&quot;, &quot;acdLogp&quot;: 2.32, &quot;knownDrug&quot;: &quot;No&quot;, &quot;stdInChiKey&quot;: &quot;FKYKUYPVIUDIJD-UHFFFAOYSA-N&quot;, &quot;species&quot;: &quot;NEUTRAL&quot;, &quot;synonyms&quot;: null, &quot;medChemFriendly&quot;: &quot;Yes&quot;, &quot;rotatableBonds&quot;: 6, &quot;acdBasicPka&quot;: 1.36, &quot;alogp&quot;: 3.83, &quot;preferredCompoundName&quot;: null, &quot;numRo5Violations&quot;: 0, &quot;acdLogd&quot;: 2.24, &quot;acdAcidicPka&quot;: 8.50}, {&quot;smiles&quot;: &quot;COc1cc(Cl)c(cc1OC)c2nc(SCC(=O)NC(C)(C)C)nc3[nH]cc(C#N)c23&quot;, &quot;chemblId&quot;: &quot;CHEMBL2158573&quot;, &quot;passesRuleOfThree&quot;: &quot;No&quot;, &quot;molecularWeight&quot;: 459.95, &quot;molecularFormula&quot;: &quot;C21H22ClN5O3S&quot;, &quot;acdLogp&quot;: 2.16, &quot;knownDrug&quot;: &quot;No&quot;, &quot;stdInChiKey&quot;: &quot;RYFDVYXDWRNXEY-UHFFFAOYSA-N&quot;, &quot;species&quot;: &quot;NEUTRAL&quot;, &quot;synonyms&quot;: null, &quot;medChemFriendly&quot;: &quot;Yes&quot;, &quot;rotatableBonds&quot;: 7, &quot;acdBasicPka&quot;: 1.32, &quot;alogp&quot;: 4.06, &quot;preferredCompoundName&quot;: null, &quot;numRo5Violations&quot;: 0, &quot;acdLogd&quot;: 2.12, &quot;acdAcidicPka&quot;: 8.62}, {&quot;smiles&quot;: &quot;CCOc1cc(c(Cl)cc1OC)c2nc(SCC(=O)NC(C)C)nc3[nH]cc(C#N)c23&quot;, &quot;chemblId&quot;: &quot;CHEMBL2158574&quot;, &quot;passesRuleOfThree&quot;: &quot;No&quot;, &quot;molecularWeight&quot;: 459.95, &quot;molecularFormula&quot;: &quot;C21H22ClN5O3S&quot;, &quot;acdLogp&quot;: 2.25, &quot;knownDrug&quot;: &quot;No&quot;, &quot;stdInChiKey&quot;: &quot;FKBPXYGAHBNYJO-UHFFFAOYSA-N&quot;, &quot;species&quot;: &quot;NEUTRAL&quot;, &quot;synonyms&quot;: null, &quot;medChemFriendly&quot;: &quot;Yes&quot;, &quot;rotatableBonds&quot;: 8, &quot;acdBasicPka&quot;: 1.33, &quot;alogp&quot;: 4.20, &quot;preferredCompoundName&quot;: null, &quot;numRo5Violations&quot;: 0, &quot;acdLogd&quot;: 2.22, &quot;acdAcidicPka&quot;: 8.63}, {&quot;smiles&quot;: &quot;COc1cc(Cl)c(cc1OC)c2nc(SCC(=O)NC(C)C)nc3[nH]cc(C#N)c23&quot;, &quot;chemblId&quot;: &quot;CHEMBL2158575&quot;, &quot;passesRuleOfThree&quot;: &quot;No&quot;, &quot;molecularWeight&quot;: 445.92, &quot;molecularFormula&quot;: &quot;C20H20ClN5O3S&quot;, &quot;acdLogp&quot;: 1.74, &quot;knownDrug&quot;: &quot;No&quot;, &quot;stdInChiKey&quot;: &quot;NURUULDLZXSKNY-UHFFFAOYSA-N&quot;, &quot;species&quot;: &quot;NEUTRAL&quot;, &quot;synonyms&quot;: null, &quot;medChemFriendly&quot;: &quot;Yes&quot;, &quot;rotatableBonds&quot;: 7, &quot;acdBasicPka&quot;: 1.31, &quot;alogp&quot;: 3.85, &quot;preferredCompoundName&quot;: null, &quot;numRo5Violations&quot;: 0, &quot;acdLogd&quot;: 1.71, &quot;acdAcidicPka&quot;: 8.61}, {&quot;smiles&quot;: &quot;COc1cc(Cl)c(cc1OC)c2nc(SCC(=O)NCCF)nc3[nH]cc(C#N)c23&quot;, &quot;chemblId&quot;: &quot;CHEMBL2158576&quot;, &quot;passesRuleOfThree&quot;: &quot;No&quot;, &quot;molecularWeight&quot;: 449.89, &quot;molecularFormula&quot;: &quot;C19H17ClFN5O3S&quot;, &quot;acdLogp&quot;: 1.22, &quot;knownDrug&quot;: &quot;No&quot;, &quot;stdInChiKey&quot;: &quot;SYXPLDZVFNCBAG-UHFFFAOYSA-N&quot;, &quot;species&quot;: &quot;NEUTRAL&quot;, &quot;synonyms&quot;: null, &quot;medChemFriendly&quot;: &quot;Yes&quot;, &quot;rotatableBonds&quot;: 8, &quot;acdBasicPka&quot;: 1.30, &quot;alogp&quot;: 3.52, &quot;preferredCompoundName&quot;: null, &quot;numRo5Violations&quot;: 0, &quot;acdLogd&quot;: 1.19, &quot;acdAcidicPka&quot;: 8.60}, {&quot;smiles&quot;: &quot;COc1cc(Cl)c(cc1O)c2nc(SCC(=O)NCCF)nc3[nH]cc(C#N)c23&quot;, &quot;chemblId&quot;: &quot;CHEMBL2158577&quot;, &quot;passesRuleOfThree&quot;: &quot;No&quot;, &quot;molecularWeight&quot;: 435.86, &quot;molecularFormula&quot;: &quot;C18H15ClFN5O3S&quot;, &quot;acdLogp&quot;: 1.39, &quot;knownDrug&quot;: &quot;No&quot;, &quot;stdInChiKey&quot;: &quot;JNORNRLOIPHMPA-UHFFFAOYSA-N&quot;, &quot;species&quot;: &quot;NEUTRAL&quot;, &quot;synonyms&quot;: null, &quot;medChemFriendly&quot;: &quot;Yes&quot;, &quot;rotatableBonds&quot;: 7, &quot;acdBasicPka&quot;: 1.35, &quot;alogp&quot;: 3.30, &quot;preferredCompoundName&quot;: null, &quot;numRo5Violations&quot;: 0, &quot;acdLogd&quot;: 1.30, &quot;acdAcidicPka&quot;: 8.50}, {&quot;smiles&quot;: &quot;COc1cc(Cl)c(cc1OC)c2nc(SCC(=O)NCC(F)(F)F)nc3[nH]cc(C#N)c23&quot;, &quot;chemblId&quot;: &quot;CHEMBL2158578&quot;, &quot;passesRuleOfThree&quot;: &quot;No&quot;, &quot;molecularWeight&quot;: 485.87, &quot;molecularFormula&quot;: &quot;C19H15ClF3N5O3S&quot;, &quot;acdLogp&quot;: 1.91, &quot;knownDrug&quot;: &quot;No&quot;, &quot;stdInChiKey&quot;: &quot;PLWBOXUCHMALEZ-UHFFFAOYSA-N&quot;, &quot;species&quot;: &quot;NEUTRAL&quot;, &quot;synonyms&quot;: null, &quot;medChemFriendly&quot;: &quot;Yes&quot;, &quot;rotatableBonds&quot;: 8, &quot;acdBasicPka&quot;: 1.28, &quot;alogp&quot;: 4.13, &quot;preferredCompoundName&quot;: null, &quot;numRo5Violations&quot;: 0, &quot;acdLogd&quot;: 1.88, &quot;acdAcidicPka&quot;: 8.59}, {&quot;smiles&quot;: &quot;COc1cc(Cl)c(cc1O)c2nc(SCC(=O)N3CCC3)nc4[nH]cc(C#N)c24&quot;, &quot;chemblId&quot;: &quot;CHEMBL2158579&quot;, &quot;passesRuleOfThree&quot;: &quot;No&quot;, &quot;molecularWeight&quot;: 429.88, &quot;molecularFormula&quot;: &quot;C19H16ClN5O3S&quot;, &quot;acdLogp&quot;: 0.67, &quot;knownDrug&quot;: &quot;No&quot;, &quot;stdInChiKey&quot;: &quot;DDQOEMYBPDHODL-UHFFFAOYSA-N&quot;, &quot;species&quot;: &quot;NEUTRAL&quot;, &quot;synonyms&quot;: null, &quot;medChemFriendly&quot;: &quot;Yes&quot;, &quot;rotatableBonds&quot;: 5, &quot;acdBasicPka&quot;: 1.39, &quot;alogp&quot;: 2.99, &quot;preferredCompoundName&quot;: null, &quot;numRo5Violations&quot;: 0, &quot;acdLogd&quot;: 0.59, &quot;acdAcidicPka&quot;: 8.50}, {&quot;smiles&quot;: &quot;CSc1nc(c2ccc(cc2)C#N)c3cc[nH]c3n1&quot;, &quot;chemblId&quot;: &quot;CHEMBL2158580&quot;, &quot;passesRuleOfThree&quot;: &quot;No&quot;, &quot;molecularWeight&quot;: 266.32, &quot;molecularFormula&quot;: &quot;C14H10N4S&quot;, &quot;acdLogp&quot;: 2.22, &quot;knownDrug&quot;: &quot;No&quot;, &quot;stdInChiKey&quot;: &quot;NUGJUEDHYDDIGS-UHFFFAOYSA-N&quot;, &quot;species&quot;: &quot;NEUTRAL&quot;, &quot;synonyms&quot;: null, &quot;medChemFriendly&quot;: &quot;Yes&quot;, &quot;rotatableBonds&quot;: 2, &quot;acdBasicPka&quot;: 3.17, &quot;alogp&quot;: 3.43, &quot;preferredCompoundName&quot;: null, &quot;numRo5Violations&quot;: 0, &quot;acdLogd&quot;: 2.22, &quot;acdAcidicPka&quot;: 11.31}, {&quot;smiles&quot;: &quot;CSc1nc(c2ccc(C)cc2C)c3c(c[nH]c3n1)C#N&quot;, &quot;chemblId&quot;: &quot;CHEMBL2158581&quot;, &quot;passesRuleOfThree&quot;: &quot;No&quot;, &quot;molecularWeight&quot;: 294.37, &quot;molecularFormula&quot;: &quot;C16H14N4S&quot;, &quot;acdLogp&quot;: 3.37, &quot;knownDrug&quot;: &quot;No&quot;, &quot;stdInChiKey&quot;: &quot;LXUVFEGNZXPXCA-UHFFFAOYSA-N&quot;, &quot;species&quot;: &quot;NEUTRAL&quot;, &quot;synonyms&quot;: null, &quot;medChemFriendly&quot;: &quot;Yes&quot;, &quot;rotatableBonds&quot;: 2, &quot;acdBasicPka&quot;: 2.52, &quot;alogp&quot;: 4.40, &quot;preferredCompoundName&quot;: null, &quot;numRo5Violations&quot;: 0, &quot;acdLogd&quot;: 3.37, &quot;acdAcidicPka&quot;: 9.55}, {&quot;smiles&quot;: &quot;CSc1nc(c2ccc(F)cc2C)c3c(c[nH]c3n1)C#N&quot;, &quot;chemblId&quot;: &quot;CHEMBL2158582&quot;, &quot;passesRuleOfThree&quot;: &quot;No&quot;, &quot;molecularWeight&quot;: 298.34, &quot;molecularFormula&quot;: &quot;C15H11FN4S&quot;, &quot;acdLogp&quot;: 2.64, &quot;knownDrug&quot;: &quot;No&quot;, &quot;stdInChiKey&quot;: &quot;USEWQNRQGJKLIF-UHFFFAOYSA-N&quot;, &quot;species&quot;: &quot;NEUTRAL&quot;, &quot;synonyms&quot;: null, &quot;medChemFriendly&quot;: &quot;Yes&quot;, &quot;rotatableBonds&quot;: 2, &quot;acdBasicPka&quot;: 2.24, &quot;alogp&quot;: 4.12, &quot;preferredCompoundName&quot;: null, &quot;numRo5Violations&quot;: 0, &quot;acdLogd&quot;: 2.64, &quot;acdAcidicPka&quot;: 9.34}, {&quot;smiles&quot;: &quot;CSc1nc(c2ccc(cc2)C#N)c3c(c[nH]c3n1)C#N&quot;, &quot;chemblId&quot;: &quot;CHEMBL2158583&quot;, &quot;passesRuleOfThree&quot;: &quot;No&quot;, &quot;molecularWeight&quot;: 291.33, &quot;molecularFormula&quot;: &quot;C15H9N5S&quot;, &quot;acdLogp&quot;: 1.70, &quot;knownDrug&quot;: &quot;No&quot;, &quot;stdInChiKey&quot;: &quot;TUQVBXKESFVUEH-UHFFFAOYSA-N&quot;, &quot;species&quot;: &quot;NEUTRAL&quot;, &quot;synonyms&quot;: null, &quot;medChemFriendly&quot;: &quot;Yes&quot;, &quot;rotatableBonds&quot;: 2, &quot;acdBasicPka&quot;: 1.70, &quot;alogp&quot;: 3.31, &quot;preferredCompoundName&quot;: null, &quot;numRo5Violations&quot;: 0, &quot;acdLogd&quot;: 1.69, &quot;acdAcidicPka&quot;: 8.92}, {&quot;smiles&quot;: &quot;CSc1nc(c2ccc(C)cc2C)c3c(Br)c[nH]c3n1&quot;, &quot;chemblId&quot;: &quot;CHEMBL2158585&quot;, &quot;passesRuleOfThree&quot;: &quot;No&quot;, &quot;molecularWeight&quot;: 348.26, &quot;molecularFormula&quot;: &quot;C15H14BrN3S&quot;, &quot;acdLogp&quot;: 4.65, &quot;knownDrug&quot;: &quot;No&quot;, &quot;stdInChiKey&quot;: &quot;HSFDSDBSCSNBAT-UHFFFAOYSA-N&quot;, &quot;species&quot;: &quot;NEUTRAL&quot;, &quot;synonyms&quot;: null, &quot;medChemFriendly&quot;: &quot;Yes&quot;, &quot;rotatableBonds&quot;: 2, &quot;acdBasicPka&quot;: 3.28, &quot;alogp&quot;: 5.27, &quot;preferredCompoundName&quot;: null, &quot;numRo5Violations&quot;: 1, &quot;acdLogd&quot;: 4.65, &quot;acdAcidicPka&quot;: 10.28}, {&quot;smiles&quot;: &quot;CSc1nc(c2ccc(C)cc2C)c3c(C)c[nH]c3n1&quot;, &quot;chemblId&quot;: &quot;CHEMBL2158617&quot;, &quot;passesRuleOfThree&quot;: &quot;No&quot;, &quot;molecularWeight&quot;: 283.39, &quot;molecularFormula&quot;: &quot;C16H17N3S&quot;, &quot;acdLogp&quot;: 3.92, &quot;knownDrug&quot;: &quot;No&quot;, &quot;stdInChiKey&quot;: &quot;SGXHNHKCXZJMNF-UHFFFAOYSA-N&quot;, &quot;species&quot;: &quot;NEUTRAL&quot;, &quot;synonyms&quot;: null, &quot;medChemFriendly&quot;: &quot;Yes&quot;, &quot;rotatableBonds&quot;: 2, &quot;acdBasicPka&quot;: 4.30, &quot;alogp&quot;: 5.01, &quot;preferredCompoundName&quot;: null, &quot;numRo5Violations&quot;: 1, &quot;acdLogd&quot;: 3.92, &quot;acdAcidicPka&quot;: 12.24}, {&quot;smiles&quot;: &quot;CSc1nc(c2ccc(C)cc2C)c3c(c[nH]c3n1)C(F)(F)F&quot;, &quot;chemblId&quot;: &quot;CHEMBL2158618&quot;, &quot;passesRuleOfThree&quot;: &quot;No&quot;, &quot;molecularWeight&quot;: 337.36, &quot;molecularFormula&quot;: &quot;C16H14F3N3S&quot;, &quot;acdLogp&quot;: 4.35, &quot;knownDrug&quot;: &quot;No&quot;, &quot;stdInChiKey&quot;: &quot;AKWNWDXEDOKBOH-UHFFFAOYSA-N&quot;, &quot;species&quot;: &quot;NEUTRAL&quot;, &quot;synonyms&quot;: null, &quot;medChemFriendly&quot;: &quot;Yes&quot;, &quot;rotatableBonds&quot;: 3, &quot;acdBasicPka&quot;: 2.85, &quot;alogp&quot;: 5.47, &quot;preferredCompoundName&quot;: null, &quot;numRo5Violations&quot;: 1, &quot;acdLogd&quot;: 4.35, &quot;acdAcidicPka&quot;: 10.10}, {&quot;smiles&quot;: &quot;CSc1nc(c2ccc(C)cc2C)c3c(c[nH]c3n1)C4CC4&quot;, &quot;chemblId&quot;: &quot;CHEMBL2158619&quot;, &quot;passesRuleOfThree&quot;: &quot;No&quot;, &quot;molecularWeight&quot;: 309.43, &quot;molecularFormula&quot;: &quot;C18H19N3S&quot;, &quot;acdLogp&quot;: 4.74, &quot;knownDrug&quot;: &quot;No&quot;, &quot;stdInChiKey&quot;: &quot;QJDAMQLBNPUDQJ-UHFFFAOYSA-N&quot;, &quot;species&quot;: &quot;NEUTRAL&quot;, &quot;synonyms&quot;: null, &quot;medChemFriendly&quot;: &quot;Yes&quot;, &quot;rotatableBonds&quot;: 3, &quot;acdBasicPka&quot;: 4.35, &quot;alogp&quot;: 5.35, &quot;preferredCompoundName&quot;: null, &quot;numRo5Violations&quot;: 1, &quot;acdLogd&quot;: 4.74, &quot;acdAcidicPka&quot;: 12.24}, {&quot;smiles&quot;: &quot;CSc1nc(c2ccc(F)cc2C)c3c(c[nH]c3n1)C(=O)N&quot;, &quot;chemblId&quot;: &quot;CHEMBL2158620&quot;, &quot;passesRuleOfThree&quot;: &quot;No&quot;, &quot;molecularWeight&quot;: 316.35, &quot;molecularFormula&quot;: &quot;C15H13FN4OS&quot;, &quot;acdLogp&quot;: 1.98, &quot;knownDrug&quot;: &quot;No&quot;, &quot;stdInChiKey&quot;: &quot;TWRQOCPISHVMLI-UHFFFAOYSA-N&quot;, &quot;species&quot;: &quot;NEUTRAL&quot;, &quot;synonyms&quot;: null, &quot;medChemFriendly&quot;: &quot;Yes&quot;, &quot;rotatableBonds&quot;: 3, &quot;acdBasicPka&quot;: 2.94, &quot;alogp&quot;: 3.25, &quot;preferredCompoundName&quot;: null, &quot;numRo5Violations&quot;: 0, &quot;acdLogd&quot;: 1.98, &quot;acdAcidicPka&quot;: 10.53}, {&quot;smiles&quot;: &quot;Cc1ccc(c(C)c1)c2ncnc3[nH]cc(C#N)c23&quot;, &quot;chemblId&quot;: &quot;CHEMBL2158621&quot;, &quot;passesRuleOfThree&quot;: &quot;No&quot;, &quot;molecularWeight&quot;: 248.28, &quot;molecularFormula&quot;: &quot;C15H12N4&quot;, &quot;acdLogp&quot;: 2.68, &quot;knownDrug&quot;: &quot;No&quot;, &quot;stdInChiKey&quot;: &quot;BUKDWCFUXFLBHB-UHFFFAOYSA-N&quot;, &quot;species&quot;: &quot;NEUTRAL&quot;, &quot;synonyms&quot;: null, &quot;medChemFriendly&quot;: &quot;Yes&quot;, &quot;rotatableBonds&quot;: 1, &quot;acdBasicPka&quot;: 2.73, &quot;alogp&quot;: 3.34, &quot;preferredCompoundName&quot;: null, &quot;numRo5Violations&quot;: 0, &quot;acdLogd&quot;: 2.68, &quot;acdAcidicPka&quot;: 9.65}, {&quot;smiles&quot;: &quot;COc1nc(c2ccc(F)cc2C)c3c(c[nH]c3n1)C#N&quot;, &quot;chemblId&quot;: &quot;CHEMBL2158622&quot;, &quot;passesRuleOfThree&quot;: &quot;No&quot;, &quot;molecularWeight&quot;: 282.27, &quot;molecularFormula&quot;: &quot;C15H11FN4O&quot;, &quot;acdLogp&quot;: 2.48, &quot;knownDrug&quot;: &quot;No&quot;, &quot;stdInChiKey&quot;: &quot;YBJXTNRJKAAAAM-UHFFFAOYSA-N&quot;, &quot;species&quot;: &quot;NEUTRAL&quot;, &quot;synonyms&quot;: null, &quot;medChemFriendly&quot;: &quot;Yes&quot;, &quot;rotatableBonds&quot;: 2, &quot;acdBasicPka&quot;: 2.34, &quot;alogp&quot;: 3.57, &quot;preferredCompoundName&quot;: null, &quot;numRo5Violations&quot;: 0, &quot;acdLogd&quot;: 2.48, &quot;acdAcidicPka&quot;: 9.67}, {&quot;smiles&quot;: &quot;CNc1nc(c2ccc(F)cc2C)c3c(c[nH]c3n1)C#N&quot;, &quot;chemblId&quot;: &quot;CHEMBL2158623&quot;, &quot;passesRuleOfThree&quot;: &quot;No&quot;, &quot;molecularWeight&quot;: 281.29, &quot;molecularFormula&quot;: &quot;C15H12FN5&quot;, &quot;acdLogp&quot;: 2.52, &quot;knownDrug&quot;: &quot;No&quot;, &quot;stdInChiKey&quot;: &quot;RBIFXLYBBYRGDC-UHFFFAOYSA-N&quot;, &quot;species&quot;: &quot;NEUTRAL&quot;, &quot;synonyms&quot;: null, &quot;medChemFriendly&quot;: &quot;Yes&quot;, &quot;rotatableBonds&quot;: 2, &quot;acdBasicPka&quot;: 4.74, &quot;alogp&quot;: 3.39, &quot;preferredCompoundName&quot;: null, &quot;numRo5Violations&quot;: 0, &quot;acdLogd&quot;: 2.52, &quot;acdAcidicPka&quot;: 10.81}, {&quot;smiles&quot;: &quot;CCc1nc(c2ccc(F)cc2C)c3c(c[nH]c3n1)C#N&quot;, &quot;chemblId&quot;: &quot;CHEMBL2158624&quot;, &quot;passesRuleOfThree&quot;: &quot;No&quot;, &quot;molecularWeight&quot;: 280.30, &quot;molecularFormula&quot;: &quot;C16H13FN4&quot;, &quot;acdLogp&quot;: 3.59, &quot;knownDrug&quot;: &quot;No&quot;, &quot;stdInChiKey&quot;: &quot;PXJKKRXTXAOHJL-UHFFFAOYSA-N&quot;, &quot;species&quot;: &quot;NEUTRAL&quot;, &quot;synonyms&quot;: null, &quot;medChemFriendly&quot;: &quot;Yes&quot;, &quot;rotatableBonds&quot;: 2, &quot;acdBasicPka&quot;: 2.88, &quot;alogp&quot;: 3.68, &quot;preferredCompoundName&quot;: null, &quot;numRo5Violations&quot;: 0, &quot;acdLogd&quot;: 3.58, &quot;acdAcidicPka&quot;: 9.77}, {&quot;smiles&quot;: &quot;CSc1nc(c2cc(OCCN3CCCC3)c(Cl)cc2Cl)c4c(c[nH]c4n1)C#N&quot;, &quot;chemblId&quot;: &quot;CHEMBL2158625&quot;, &quot;passesRuleOfThree&quot;: &quot;No&quot;, &quot;molecularWeight&quot;: 448.37, &quot;molecularFormula&quot;: &quot;C20H19Cl2N5OS&quot;, &quot;acdLogp&quot;: 3.09, &quot;knownDrug&quot;: &quot;No&quot;, &quot;stdInChiKey&quot;: &quot;JWYPCMQCDIAERN-UHFFFAOYSA-N&quot;, &quot;species&quot;: &quot;BASE&quot;, &quot;synonyms&quot;: null, &quot;medChemFriendly&quot;: &quot;Yes&quot;, &quot;rotatableBonds&quot;: 6, &quot;acdBasicPka&quot;: 9.44, &quot;alogp&quot;: 5.34, &quot;preferredCompoundName&quot;: null, &quot;numRo5Violations&quot;: 1, &quot;acdLogd&quot;: 1.09, &quot;acdAcidicPka&quot;: 8.64}, {&quot;smiles&quot;: &quot;CCN(CC)CCOc1cc(c(Cl)cc1Cl)c2nc(SC)nc3[nH]cc(C#N)c23&quot;, &quot;chemblId&quot;: &quot;CHEMBL2158626&quot;, &quot;passesRuleOfThree&quot;: &quot;No&quot;, &quot;molecularWeight&quot;: 450.38, &quot;molecularFormula&quot;: &quot;C20H21Cl2N5OS&quot;, &quot;acdLogp&quot;: 3.30, &quot;knownDrug&quot;: &quot;No&quot;, &quot;stdInChiKey&quot;: &quot;IHFHSLBOLZZRTN-UHFFFAOYSA-N&quot;, &quot;species&quot;: &quot;BASE&quot;, &quot;synonyms&quot;: null, &quot;medChemFriendly&quot;: &quot;Yes&quot;, &quot;rotatableBonds&quot;: 8, &quot;acdBasicPka&quot;: 9.44, &quot;alogp&quot;: 5.58, &quot;preferredCompoundName&quot;: null, &quot;numRo5Violations&quot;: 1, &quot;acdLogd&quot;: 1.30, &quot;acdAcidicPka&quot;: 8.64}, {&quot;smiles&quot;: &quot;COc1cc(Cl)c(cc1OCCN2CC[C@H](F)C2)c3nc(SC)nc4[nH]cc(C#N)c34&quot;, &quot;chemblId&quot;: &quot;CHEMBL2158627&quot;, &quot;passesRuleOfThree&quot;: &quot;No&quot;, &quot;molecularWeight&quot;: 461.94, &quot;molecularFormula&quot;: &quot;C21H21ClFN5O2S&quot;, &quot;acdLogp&quot;: 1.14, &quot;knownDrug&quot;: &quot;No&quot;, &quot;stdInChiKey&quot;: &quot;LQOGCFRENXIESE-ZDUSSCGKSA-N&quot;, &quot;species&quot;: &quot;NEUTRAL&quot;, &quot;synonyms&quot;: null, &quot;medChemFriendly&quot;: &quot;Yes&quot;, &quot;rotatableBonds&quot;: 7, &quot;acdBasicPka&quot;: 7.12, &quot;alogp&quot;: 4.51, &quot;preferredCompoundName&quot;: null, &quot;numRo5Violations&quot;: 0, &quot;acdLogd&quot;: 0.95, &quot;acdAcidicPka&quot;: 9.11}, {&quot;smiles&quot;: &quot;COc1cc(Cl)c(cc1OCCN2CCC(F)(F)C2)c3nc(SC)nc4[nH]cc(C#N)c34&quot;, &quot;chemblId&quot;: &quot;CHEMBL2158628&quot;, &quot;passesRuleOfThree&quot;: &quot;No&quot;, &quot;molecularWeight&quot;: 479.93, &quot;molecularFormula&quot;: &quot;C21H20ClF2N5O2S&quot;, &quot;acdLogp&quot;: 0.03, &quot;knownDrug&quot;: &quot;No&quot;, &quot;stdInChiKey&quot;: &quot;KQLHYNAGYLGYAW-UHFFFAOYSA-N&quot;, &quot;species&quot;: &quot;NEUTRAL&quot;, &quot;synonyms&quot;: null, &quot;medChemFriendly&quot;: &quot;Yes&quot;, &quot;rotatableBonds&quot;: 7, &quot;acdBasicPka&quot;: 4.80, &quot;alogp&quot;: 4.77, &quot;preferredCompoundName&quot;: null, &quot;numRo5Violations&quot;: 0, &quot;acdLogd&quot;: 0.03, &quot;acdAcidicPka&quot;: 9.11}, {&quot;smiles&quot;: &quot;CCN(CC)CCSc1nc(c2cc(OC)c(Cl)cc2Cl)c3c(c[nH]c3n1)C#N&quot;, &quot;chemblId&quot;: &quot;CHEMBL2158629&quot;, &quot;passesRuleOfThree&quot;: &quot;No&quot;, &quot;molecularWeight&quot;: 450.38, &quot;molecularFormula&quot;: &quot;C20H21Cl2N5OS&quot;, &quot;acdLogp&quot;: 3.88, &quot;knownDrug&quot;: &quot;No&quot;, &quot;stdInChiKey&quot;: &quot;BMPOOCYRLGEDIG-UHFFFAOYSA-N&quot;, &quot;species&quot;: &quot;BASE&quot;, &quot;synonyms&quot;: null, &quot;medChemFriendly&quot;: &quot;Yes&quot;, &quot;rotatableBonds&quot;: 8, &quot;acdBasicPka&quot;: 9.43, &quot;alogp&quot;: 5.58, &quot;preferredCompoundName&quot;: null, &quot;numRo5Violations&quot;: 1, &quot;acdLogd&quot;: 2.06, &quot;acdAcidicPka&quot;: 8.19}, {&quot;smiles&quot;: &quot;CCN(CC)CCSc1nc(c2cc(OC)c(OC)cc2Cl)c3c(c[nH]c3n1)C#N&quot;, &quot;chemblId&quot;: &quot;CHEMBL2158630&quot;, &quot;passesRuleOfThree&quot;: &quot;No&quot;, &quot;molecularWeight&quot;: 445.97, &quot;molecularFormula&quot;: &quot;C21H24ClN5O2S&quot;, &quot;acdLogp&quot;: 2.69, &quot;knownDrug&quot;: &quot;No&quot;, &quot;stdInChiKey&quot;: &quot;AOZIKGBBIZWGLH-UHFFFAOYSA-N&quot;, &quot;species&quot;: &quot;BASE&quot;, &quot;synonyms&quot;: null, &quot;medChemFriendly&quot;: &quot;Yes&quot;, &quot;rotatableBonds&quot;: 9, &quot;acdBasicPka&quot;: 9.44, &quot;alogp&quot;: 4.90, &quot;preferredCompoundName&quot;: null, &quot;numRo5Violations&quot;: 0, &quot;acdLogd&quot;: 0.94, &quot;acdAcidicPka&quot;: 8.64}, {&quot;smiles&quot;: &quot;CSc1nc(c2ccc(C)cc2C)c3cc[nH]c3n1&quot;, &quot;chemblId&quot;: &quot;CHEMBL2158633&quot;, &quot;passesRuleOfThree&quot;: &quot;No&quot;, &quot;molecularWeight&quot;: 269.36, &quot;molecularFormula&quot;: &quot;C15H15N3S&quot;, &quot;acdLogp&quot;: 3.89, &quot;knownDrug&quot;: &quot;No&quot;, &quot;stdInChiKey&quot;: &quot;DPIFHHMCXKKFSN-UHFFFAOYSA-N&quot;, &quot;species&quot;: &quot;NEUTRAL&quot;, &quot;synonyms&quot;: null, &quot;medChemFriendly&quot;: &quot;Yes&quot;, &quot;rotatableBonds&quot;: 2, &quot;acdBasicPka&quot;: 3.99, &quot;alogp&quot;: 4.53, &quot;preferredCompoundName&quot;: null, &quot;numRo5Violations&quot;: 0, &quot;acdLogd&quot;: 3.89, &quot;acdAcidicPka&quot;: 11.94}, {&quot;smiles&quot;: &quot;CSc1nc(c2ccc(F)cc2C)c3cc[nH]c3n1&quot;, &quot;chemblId&quot;: &quot;CHEMBL2158634&quot;, &quot;passesRuleOfThree&quot;: &quot;No&quot;, &quot;molecularWeight&quot;: 273.33, &quot;molecularFormula&quot;: &quot;C14H12FN3S&quot;, &quot;acdLogp&quot;: 3.16, &quot;knownDrug&quot;: &quot;No&quot;, &quot;stdInChiKey&quot;: &quot;UECMGZCYBPHKDI-UHFFFAOYSA-N&quot;, &quot;species&quot;: &quot;NEUTRAL&quot;, &quot;synonyms&quot;: null, &quot;medChemFriendly&quot;: &quot;Yes&quot;, &quot;rotatableBonds&quot;: 2, &quot;acdBasicPka&quot;: 3.72, &quot;alogp&quot;: 4.25, &quot;preferredCompoundName&quot;: null, &quot;numRo5Violations&quot;: 0, &quot;acdLogd&quot;: 3.16, &quot;acdAcidicPka&quot;: 11.73}, {&quot;smiles&quot;: &quot;C[C@@H](O)[C@H](N)C(=O)NS(=O)(=O)c1ccc2ccc(cc2c1)c3ncnc4[nH]ccc34&quot;, &quot;chemblId&quot;: &quot;CHEMBL2311926&quot;, &quot;passesRuleOfThree&quot;: &quot;No&quot;, &quot;molecularWeight&quot;: 425.46, &quot;molecularFormula&quot;: &quot;C20H19N5O4S&quot;, &quot;acdLogp&quot;: 0.91, &quot;knownDrug&quot;: &quot;No&quot;, &quot;stdInChiKey&quot;: &quot;URBCTQBKEJDJNF-DIFFPNOSSA-N&quot;, &quot;species&quot;: &quot;ACID&quot;, &quot;synonyms&quot;: null, &quot;medChemFriendly&quot;: &quot;Yes&quot;, &quot;rotatableBonds&quot;: 5, &quot;acdBasicPka&quot;: 6.64, &quot;alogp&quot;: 1.11, &quot;preferredCompoundName&quot;: null, &quot;numRo5Violations&quot;: 0, &quot;acdLogd&quot;: -1.12, &quot;acdAcidicPka&quot;: 2.25}, {&quot;smiles&quot;: &quot;C[C@@H](O)[C@H](N)C(=O)NS(=O)(=O)N1CCc2ccc(cc2C1)c3ncnc4[nH]ccc34&quot;, &quot;chemblId&quot;: &quot;CHEMBL2311927&quot;, &quot;passesRuleOfThree&quot;: &quot;No&quot;, &quot;molecularWeight&quot;: 430.48, &quot;molecularFormula&quot;: &quot;C19H22N6O4S&quot;, &quot;acdLogp&quot;: -0.52, &quot;knownDrug&quot;: &quot;No&quot;, &quot;stdInChiKey&quot;: &quot;TWJQKFNJORCUQW-BZNIZROVSA-N&quot;, &quot;species&quot;: &quot;ACID&quot;, &quot;synonyms&quot;: null, &quot;medChemFriendly&quot;: &quot;Yes&quot;, &quot;rotatableBonds&quot;: 5, &quot;acdBasicPka&quot;: 6.58, &quot;alogp&quot;: -0.13, &quot;preferredCompoundName&quot;: null, &quot;numRo5Violations&quot;: 0, &quot;acdLogd&quot;: -2.52, &quot;acdAcidicPka&quot;: 3.51}, {&quot;smiles&quot;: &quot;O=C(c1ccccc1)c2[nH]c3ncnc(c4ccccc4)c3c2c5cccnc5&quot;, &quot;chemblId&quot;: &quot;CHEMBL2417699&quot;, &quot;passesRuleOfThree&quot;: &quot;No&quot;, &quot;molecularWeight&quot;: 376.41, &quot;molecularFormula&quot;: &quot;C24H16N4O&quot;, &quot;acdLogp&quot;: 3.64, &quot;knownDrug&quot;: &quot;No&quot;, &quot;stdInChiKey&quot;: &quot;LSPCBQILRIZZNK-UHFFFAOYSA-N&quot;, &quot;species&quot;: &quot;NEUTRAL&quot;, &quot;synonyms&quot;: null, &quot;medChemFriendly&quot;: &quot;Yes&quot;, &quot;rotatableBonds&quot;: 4, &quot;acdBasicPka&quot;: 3.31, &quot;alogp&quot;: 4.55, &quot;preferredCompoundName&quot;: null, &quot;numRo5Violations&quot;: 0, &quot;acdLogd&quot;: 3.64, &quot;acdAcidicPka&quot;: 9.09}, {&quot;smiles&quot;: &quot;COc1ccc(cc1)C(=O)c2[nH]c3ncnc(c4ccc(OC)cc4)c3c2c5ccc(OC)cc5&quot;, &quot;chemblId&quot;: &quot;CHEMBL2417742&quot;, &quot;passesRuleOfThree&quot;: &quot;No&quot;, &quot;molecularWeight&quot;: 465.50, &quot;molecularFormula&quot;: &quot;C28H23N3O4&quot;, &quot;acdLogp&quot;: 4.73, &quot;knownDrug&quot;: &quot;No&quot;, &quot;stdInChiKey&quot;: &quot;BVSLBHXUOCJAEW-UHFFFAOYSA-N&quot;, &quot;species&quot;: &quot;NEUTRAL&quot;, &quot;synonyms&quot;: null, &quot;medChemFriendly&quot;: &quot;Yes&quot;, &quot;rotatableBonds&quot;: 7, &quot;acdBasicPka&quot;: 3.70, &quot;alogp&quot;: 5.66, &quot;preferredCompoundName&quot;: null, &quot;numRo5Violations&quot;: 1, &quot;acdLogd&quot;: 4.73, &quot;acdAcidicPka&quot;: 9.78}, {&quot;smiles&quot;: &quot;COc1ccc(cc1)c2c([nH]c3ncnc(c4ccccc4)c23)C(=O)c5ccccc5&quot;, &quot;chemblId&quot;: &quot;CHEMBL2417743&quot;, &quot;passesRuleOfThree&quot;: &quot;No&quot;, &quot;molecularWeight&quot;: 405.45, &quot;molecularFormula&quot;: &quot;C26H19N3O2&quot;, &quot;acdLogp&quot;: 4.74, &quot;knownDrug&quot;: &quot;No&quot;, &quot;stdInChiKey&quot;: &quot;JLMDPXLHVDQXQS-UHFFFAOYSA-N&quot;, &quot;species&quot;: &quot;NEUTRAL&quot;, &quot;synonyms&quot;: null, &quot;medChemFriendly&quot;: &quot;Yes&quot;, &quot;rotatableBonds&quot;: 5, &quot;acdBasicPka&quot;: 3.61, &quot;alogp&quot;: 5.69, &quot;preferredCompoundName&quot;: null, &quot;numRo5Violations&quot;: 1, &quot;acdLogd&quot;: 4.74, &quot;acdAcidicPka&quot;: 9.86}, {&quot;smiles&quot;: &quot;Cc1ccc(cc1)c2ncnc3[nH]c(C(=O)c4ccccc4)c(c5cc(Br)cc(Br)c5)c23&quot;, &quot;chemblId&quot;: &quot;CHEMBL2417744&quot;, &quot;passesRuleOfThree&quot;: &quot;No&quot;, &quot;molecularWeight&quot;: 547.24, &quot;molecularFormula&quot;: &quot;C26H17Br2N3O&quot;, &quot;acdLogp&quot;: 6.94, &quot;knownDrug&quot;: &quot;No&quot;, &quot;stdInChiKey&quot;: &quot;DJZKLBVNPUPSNE-UHFFFAOYSA-N&quot;, &quot;species&quot;: &quot;NEUTRAL&quot;, &quot;synonyms&quot;: null, &quot;medChemFriendly&quot;: &quot;Yes&quot;, &quot;rotatableBonds&quot;: 4, &quot;acdBasicPka&quot;: 3.16, &quot;alogp&quot;: 7.69, &quot;preferredCompoundName&quot;: null, &quot;numRo5Violations&quot;: 2, &quot;acdLogd&quot;: 6.93, &quot;acdAcidicPka&quot;: 9.35}, {&quot;smiles&quot;: &quot;Brc1cc(Br)cc(c1)c2c([nH]c3ncnc(c4ccccc4)c23)C(=O)c5ccccc5&quot;, &quot;chemblId&quot;: &quot;CHEMBL2417745&quot;, &quot;passesRuleOfThree&quot;: &quot;No&quot;, &quot;molecularWeight&quot;: 533.21, &quot;molecularFormula&quot;: &quot;C25H15Br2N3O&quot;, &quot;acdLogp&quot;: 6.40, &quot;knownDrug&quot;: &quot;No&quot;, &quot;stdInChiKey&quot;: &quot;HDFFYKMCBJXXBF-UHFFFAOYSA-N&quot;, &quot;species&quot;: &quot;NEUTRAL&quot;, &quot;synonyms&quot;: null, &quot;medChemFriendly&quot;: &quot;Yes&quot;, &quot;rotatableBonds&quot;: 4, &quot;acdBasicPka&quot;: 3.09, &quot;alogp&quot;: 7.20, &quot;preferredCompoundName&quot;: null, &quot;numRo5Violations&quot;: 2, &quot;acdLogd&quot;: 6.39, &quot;acdAcidicPka&quot;: 9.30}]}"/>
</config>
</config>
</config>
</config>
<config key="column_properties"/>
</config>
</config>
