<?xml version="1.0" encoding="UTF-8"?>
<config xmlns="http://www.knime.org/2008/09/XMLConfig" xmlns:xsi="http://www.w3.org/2001/XMLSchema-instance" xsi:schemaLocation="http://www.knime.org/2008/09/XMLConfig http://www.knime.org/XMLConfig_2008_09.xsd" key="spec.xml">
<entry key="spec_name" type="xstring" value="default"/>
<entry key="number_columns" type="xint" value="1"/>
<config key="column_spec_0">
<entry key="column_name" type="xstring" value="Representation"/>
<config key="element_names">
<entry key="array-size" type="xint" value="0"/>
</config>
<config key="column_type">
<entry key="cell_class" type="xstring" value="org.knime.core.data.def.StringCell"/>
</config>
<config key="column_domain">
<config key="possible_values">
<entry key="array-size" type="xint" value="1"/>
<config key="0">
<entry key="datacell" type="xstring" value="org.knime.core.data.def.StringCell"/>
<config key="org.knime.core.data.def.StringCell">
<entry key="StringCell" type="xstring" value="{&quot;compounds&quot;: [{&quot;smiles&quot;: &quot;c1ccc(cc1)c2ncnc3[nH]ccc23&quot;, &quot;chemblId&quot;: &quot;CHEMBL578974&quot;, &quot;passesRuleOfThree&quot;: &quot;Yes&quot;, &quot;molecularWeight&quot;: 195.22, &quot;molecularFormula&quot;: &quot;C12H9N3&quot;, &quot;acdLogp&quot;: 2.10, &quot;knownDrug&quot;: &quot;No&quot;, &quot;stdInChiKey&quot;: &quot;XWMVYDXYOLGHBU-UHFFFAOYSA-N&quot;, &quot;species&quot;: &quot;NEUTRAL&quot;, &quot;synonyms&quot;: null, &quot;medChemFriendly&quot;: &quot;Yes&quot;, &quot;rotatableBonds&quot;: 1, &quot;acdBasicPka&quot;: 4.12, &quot;alogp&quot;: 2.49, &quot;preferredCompoundName&quot;: null, &quot;numRo5Violations&quot;: 0, &quot;acdLogd&quot;: 2.10, &quot;acdAcidicPka&quot;: 11.97}]}"/>
</config>
</config>
</config>
</config>
<config key="column_properties"/>
</config>
</config>
