<?xml version="1.0" encoding="UTF-8"?>
<config xmlns="http://www.knime.org/2008/09/XMLConfig" xmlns:xsi="http://www.w3.org/2001/XMLSchema-instance" xsi:schemaLocation="http://www.knime.org/2008/09/XMLConfig http://www.knime.org/XMLConfig_2008_09.xsd" key="spec.xml">
<entry key="spec_name" type="xstring" value="default"/>
<entry key="number_columns" type="xint" value="1"/>
<config key="column_spec_0">
<entry key="column_name" type="xstring" value="Representation"/>
<config key="element_names">
<entry key="array-size" type="xint" value="0"/>
</config>
<config key="column_type">
<entry key="cell_class" type="xstring" value="org.knime.core.data.def.StringCell"/>
</config>
<config key="column_domain">
<config key="possible_values">
<entry key="array-size" type="xint" value="1"/>
<config key="0">
<entry key="datacell" type="xstring" value="org.knime.core.data.def.StringCell"/>
<config key="org.knime.core.data.def.StringCell">
<entry key="StringCell" type="xstring" value="{&quot;approvedDrugs&quot;: [{&quot;chemblId&quot;: &quot;CHEMBL1201585&quot;, &quot;name&quot;: &quot;TRASTUZUMAB&quot;, &quot;mechanismOfAction&quot;: &quot;Receptor protein-tyrosine kinase erbB-2 inhibitor&quot;}, {&quot;chemblId&quot;: &quot;CHEMBL2007641&quot;, &quot;name&quot;: &quot;PERTUZUMAB&quot;, &quot;mechanismOfAction&quot;: &quot;Receptor protein-tyrosine kinase erbB-2 inhibitor&quot;}, {&quot;chemblId&quot;: &quot;CHEMBL1743082&quot;, &quot;name&quot;: &quot;TRASTUZUMAB EMTANSINE&quot;, &quot;mechanismOfAction&quot;: &quot;Receptor protein-tyrosine kinase erbB-2 inhibitor&quot;}, {&quot;chemblId&quot;: &quot;CHEMBL1201179&quot;, &quot;name&quot;: &quot;LAPATINIB DITOSYLATE&quot;, &quot;mechanismOfAction&quot;: &quot;Receptor protein-tyrosine kinase erbB-2 inhibitor&quot;}, {&quot;chemblId&quot;: &quot;CHEMBL2105712&quot;, &quot;name&quot;: &quot;AFATINIB DIMALEATE&quot;, &quot;mechanismOfAction&quot;: &quot;Receptor protein-tyrosine kinase erbB-2 inhibitor&quot;}]}"/>
</config>
</config>
</config>
</config>
<config key="column_properties"/>
</config>
</config>
