<?xml version="1.0" encoding="UTF-8"?>
<config xmlns="http://www.knime.org/2008/09/XMLConfig" xmlns:xsi="http://www.w3.org/2001/XMLSchema-instance" xsi:schemaLocation="http://www.knime.org/2008/09/XMLConfig http://www.knime.org/XMLConfig_2008_09.xsd" key="spec.xml">
<entry key="spec_name" type="xstring" value="default"/>
<entry key="number_columns" type="xint" value="1"/>
<config key="column_spec_0">
<entry key="column_name" type="xstring" value="Representation"/>
<config key="element_names">
<entry key="array-size" type="xint" value="0"/>
</config>
<config key="column_type">
<entry key="cell_class" type="xstring" value="org.knime.core.data.def.StringCell"/>
</config>
<config key="column_domain">
<config key="possible_values">
<entry key="array-size" type="xint" value="1"/>
<config key="0">
<entry key="datacell" type="xstring" value="org.knime.core.data.def.StringCell"/>
<config key="org.knime.core.data.def.StringCell">
<entry key="StringCell" type="xstring" value="{&quot;drugMechanisms&quot;: [{&quot;chemblId&quot;: &quot;CHEMBL1862&quot;, &quot;name&quot;: &quot;Tyrosine-protein kinase ABL&quot;, &quot;mechanismOfAction&quot;: &quot;Tyrosine-protein kinase ABL inhibitor&quot;}, {&quot;chemblId&quot;: &quot;CHEMBL1913&quot;, &quot;name&quot;: &quot;Platelet-derived growth factor receptor beta&quot;, &quot;mechanismOfAction&quot;: &quot;Platelet-derived growth factor receptor beta inhibitor&quot;}, {&quot;chemblId&quot;: &quot;CHEMBL1936&quot;, &quot;name&quot;: &quot;Stem cell growth factor receptor&quot;, &quot;mechanismOfAction&quot;: &quot;Stem cell growth factor receptor inhibitor&quot;}]}"/>
</config>
</config>
</config>
</config>
<config key="column_properties"/>
</config>
</config>
