<?xml version="1.0" encoding="UTF-8"?>
<config xmlns="http://www.knime.org/2008/09/XMLConfig" xmlns:xsi="http://www.w3.org/2001/XMLSchema-instance" xsi:schemaLocation="http://www.knime.org/2008/09/XMLConfig http://www.knime.org/XMLConfig_2008_09.xsd" key="spec.xml">
<entry key="spec_name" type="xstring" value="default"/>
<entry key="number_columns" type="xint" value="1"/>
<config key="column_spec_0">
<entry key="column_name" type="xstring" value="Representation"/>
<config key="element_names">
<entry key="array-size" type="xint" value="0"/>
</config>
<config key="column_type">
<entry key="cell_class" type="xstring" value="org.knime.core.data.def.StringCell"/>
</config>
<config key="column_domain">
<config key="possible_values">
<entry key="array-size" type="xint" value="1"/>
<config key="0">
<entry key="datacell" type="xstring" value="org.knime.core.data.def.StringCell"/>
<config key="org.knime.core.data.def.StringCell">
<entry key="StringCell" type="xstring" value="{&quot;bioactivities&quot;: [{&quot;reference&quot;: &quot;J. Med. Chem., (2001) 44:13:2204&quot;, &quot;target_chemblid&quot;: &quot;CHEMBL2304402&quot;, &quot;target_name&quot;: &quot;Phosphodiesterase 5A&quot;, &quot;organism&quot;: &quot;Canis lupus famiaris&quot;, &quot;ingredient_cmpd_chemblid&quot;: &quot;CHEMBL72875&quot;, &quot;value&quot;: &quot;54&quot;, &quot;operator&quot;: &quot;=&quot;, &quot;assay_chemblid&quot;: &quot;CHEMBL757895&quot;, &quot;parent_cmpd_chemblid&quot;: &quot;CHEMBL72875&quot;, &quot;units&quot;: &quot;nM&quot;, &quot;activity_comment&quot;: &quot;Unspecified&quot;, &quot;name_in_reference&quot;: &quot;17&quot;, &quot;assay_description&quot;: &quot;Inhibitory activity against canine lung Phosphodiesterase 5 (PDE5)&quot;, &quot;bioactivity_type&quot;: &quot;IC50&quot;, &quot;assay_type&quot;: &quot;B&quot;, &quot;target_confidence&quot;: 8}, {&quot;reference&quot;: &quot;J. Med. Chem., (2001) 44:13:2204&quot;, &quot;target_chemblid&quot;: &quot;CHEMBL2304402&quot;, &quot;target_name&quot;: &quot;Phosphodiesterase 5A&quot;, &quot;organism&quot;: &quot;Canis lupus famiaris&quot;, &quot;ingredient_cmpd_chemblid&quot;: &quot;CHEMBL423125&quot;, &quot;value&quot;: &quot;14&quot;, &quot;operator&quot;: &quot;=&quot;, &quot;assay_chemblid&quot;: &quot;CHEMBL757895&quot;, &quot;parent_cmpd_chemblid&quot;: &quot;CHEMBL423125&quot;, &quot;units&quot;: &quot;nM&quot;, &quot;activity_comment&quot;: &quot;Unspecified&quot;, &quot;name_in_reference&quot;: &quot;41&quot;, &quot;assay_description&quot;: &quot;Inhibitory activity against canine lung Phosphodiesterase 5 (PDE5)&quot;, &quot;bioactivity_type&quot;: &quot;IC50&quot;, &quot;assay_type&quot;: &quot;B&quot;, &quot;target_confidence&quot;: 8}, {&quot;reference&quot;: &quot;J. Med. Chem., (2001) 44:13:2204&quot;, &quot;target_chemblid&quot;: &quot;CHEMBL2304402&quot;, &quot;target_name&quot;: &quot;Phosphodiesterase 5A&quot;, &quot;organism&quot;: &quot;Canis lupus famiaris&quot;, &quot;ingredient_cmpd_chemblid&quot;: &quot;CHEMBL430421&quot;, &quot;value&quot;: &quot;580&quot;, &quot;operator&quot;: &quot;=&quot;, &quot;assay_chemblid&quot;: &quot;CHEMBL757895&quot;, &quot;parent_cmpd_chemblid&quot;: &quot;CHEMBL430421&quot;, &quot;units&quot;: &quot;nM&quot;, &quot;activity_comment&quot;: &quot;Unspecified&quot;, &quot;name_in_reference&quot;: &quot;15&quot;, &quot;assay_description&quot;: &quot;Inhibitory activity against canine lung Phosphodiesterase 5 (PDE5)&quot;, &quot;bioactivity_type&quot;: &quot;IC50&quot;, &quot;assay_type&quot;: &quot;B&quot;, &quot;target_confidence&quot;: 8}, {&quot;reference&quot;: &quot;J. Med. Chem., (2001) 44:13:2204&quot;, &quot;target_chemblid&quot;: &quot;CHEMBL2304402&quot;, &quot;target_name&quot;: &quot;Phosphodiesterase 5A&quot;, &quot;organism&quot;: &quot;Canis lupus famiaris&quot;, &quot;ingredient_cmpd_chemblid&quot;: &quot;CHEMBL542394&quot;, &quot;value&quot;: &quot;18&quot;, &quot;operator&quot;: &quot;=&quot;, &quot;assay_chemblid&quot;: &quot;CHEMBL757895&quot;, &quot;parent_cmpd_chemblid&quot;: &quot;CHEMBL1191316&quot;, &quot;units&quot;: &quot;nM&quot;, &quot;activity_comment&quot;: &quot;Unspecified&quot;, &quot;name_in_reference&quot;: &quot;58&quot;, &quot;assay_description&quot;: &quot;Inhibitory activity against canine lung Phosphodiesterase 5 (PDE5)&quot;, &quot;bioactivity_type&quot;: &quot;IC50&quot;, &quot;assay_type&quot;: &quot;B&quot;, &quot;target_confidence&quot;: 8}, {&quot;reference&quot;: &quot;J. Med. Chem., (2001) 44:13:2204&quot;, &quot;target_chemblid&quot;: &quot;CHEMBL2304402&quot;, &quot;target_name&quot;: &quot;Phosphodiesterase 5A&quot;, &quot;organism&quot;: &quot;Canis lupus famiaris&quot;, &quot;ingredient_cmpd_chemblid&quot;: &quot;CHEMBL539010&quot;, &quot;value&quot;: &quot;2100&quot;, &quot;operator&quot;: &quot;=&quot;, &quot;assay_chemblid&quot;: &quot;CHEMBL757895&quot;, &quot;parent_cmpd_chemblid&quot;: &quot;CHEMBL1189565&quot;, &quot;units&quot;: &quot;nM&quot;, &quot;activity_comment&quot;: &quot;Unspecified&quot;, &quot;name_in_reference&quot;: &quot;62&quot;, &quot;assay_description&quot;: &quot;Inhibitory activity against canine lung Phosphodiesterase 5 (PDE5)&quot;, &quot;bioactivity_type&quot;: &quot;IC50&quot;, &quot;assay_type&quot;: &quot;B&quot;, &quot;target_confidence&quot;: 8}, {&quot;reference&quot;: &quot;J. Med. Chem., (2001) 44:13:2204&quot;, &quot;target_chemblid&quot;: &quot;CHEMBL2304402&quot;, &quot;target_name&quot;: &quot;Phosphodiesterase 5A&quot;, &quot;organism&quot;: &quot;Canis lupus famiaris&quot;, &quot;ingredient_cmpd_chemblid&quot;: &quot;CHEMBL68106&quot;, &quot;value&quot;: &quot;30&quot;, &quot;operator&quot;: &quot;=&quot;, &quot;assay_chemblid&quot;: &quot;CHEMBL757895&quot;, &quot;parent_cmpd_chemblid&quot;: &quot;CHEMBL68106&quot;, &quot;units&quot;: &quot;nM&quot;, &quot;activity_comment&quot;: &quot;Unspecified&quot;, &quot;name_in_reference&quot;: &quot;19&quot;, &quot;assay_description&quot;: &quot;Inhibitory activity against canine lung Phosphodiesterase 5 (PDE5)&quot;, &quot;bioactivity_type&quot;: &quot;IC50&quot;, &quot;assay_type&quot;: &quot;B&quot;, &quot;target_confidence&quot;: 8}, {&quot;reference&quot;: &quot;J. Med. Chem., (2001) 44:13:2204&quot;, &quot;target_chemblid&quot;: &quot;CHEMBL2304402&quot;, &quot;target_name&quot;: &quot;Phosphodiesterase 5A&quot;, &quot;organism&quot;: &quot;Canis lupus famiaris&quot;, &quot;ingredient_cmpd_chemblid&quot;: &quot;CHEMBL70382&quot;, &quot;value&quot;: &quot;110&quot;, &quot;operator&quot;: &quot;=&quot;, &quot;assay_chemblid&quot;: &quot;CHEMBL757895&quot;, &quot;parent_cmpd_chemblid&quot;: &quot;CHEMBL70382&quot;, &quot;units&quot;: &quot;nM&quot;, &quot;activity_comment&quot;: &quot;Unspecified&quot;, &quot;name_in_reference&quot;: &quot;23&quot;, &quot;assay_description&quot;: &quot;Inhibitory activity against canine lung Phosphodiesterase 5 (PDE5)&quot;, &quot;bioactivity_type&quot;: &quot;IC50&quot;, &quot;assay_type&quot;: &quot;B&quot;, &quot;target_confidence&quot;: 8}, {&quot;reference&quot;: &quot;J. Med. Chem., (2001) 44:13:2204&quot;, &quot;target_chemblid&quot;: &quot;CHEMBL2304402&quot;, &quot;target_name&quot;: &quot;Phosphodiesterase 5A&quot;, &quot;organism&quot;: &quot;Canis lupus famiaris&quot;, &quot;ingredient_cmpd_chemblid&quot;: &quot;CHEMBL539519&quot;, &quot;value&quot;: &quot;250&quot;, &quot;operator&quot;: &quot;=&quot;, &quot;assay_chemblid&quot;: &quot;CHEMBL757895&quot;, &quot;parent_cmpd_chemblid&quot;: &quot;CHEMBL1189800&quot;, &quot;units&quot;: &quot;nM&quot;, &quot;activity_comment&quot;: &quot;Unspecified&quot;, &quot;name_in_reference&quot;: &quot;31&quot;, &quot;assay_description&quot;: &quot;Inhibitory activity against canine lung Phosphodiesterase 5 (PDE5)&quot;, &quot;bioactivity_type&quot;: &quot;IC50&quot;, &quot;assay_type&quot;: &quot;B&quot;, &quot;target_confidence&quot;: 8}, {&quot;reference&quot;: &quot;J. Med. Chem., (2001) 44:13:2204&quot;, &quot;target_chemblid&quot;: &quot;CHEMBL2304402&quot;, &quot;target_name&quot;: &quot;Phosphodiesterase 5A&quot;, &quot;organism&quot;: &quot;Canis lupus famiaris&quot;, &quot;ingredient_cmpd_chemblid&quot;: &quot;CHEMBL541818&quot;, &quot;value&quot;: &quot;0.39&quot;, &quot;operator&quot;: &quot;=&quot;, &quot;assay_chemblid&quot;: &quot;CHEMBL757895&quot;, &quot;parent_cmpd_chemblid&quot;: &quot;CHEMBL1190889&quot;, &quot;units&quot;: &quot;nM&quot;, &quot;activity_comment&quot;: &quot;Unspecified&quot;, &quot;name_in_reference&quot;: &quot;36e&quot;, &quot;assay_description&quot;: &quot;Inhibitory activity against canine lung Phosphodiesterase 5 (PDE5)&quot;, &quot;bioactivity_type&quot;: &quot;IC50&quot;, &quot;assay_type&quot;: &quot;B&quot;, &quot;target_confidence&quot;: 8}, {&quot;reference&quot;: &quot;J. Med. Chem., (2001) 44:13:2204&quot;, &quot;target_chemblid&quot;: &quot;CHEMBL2304402&quot;, &quot;target_name&quot;: &quot;Phosphodiesterase 5A&quot;, &quot;organism&quot;: &quot;Canis lupus famiaris&quot;, &quot;ingredient_cmpd_chemblid&quot;: &quot;CHEMBL69502&quot;, &quot;value&quot;: &quot;10000&quot;, &quot;operator&quot;: &quot;&gt;&quot;, &quot;assay_chemblid&quot;: &quot;CHEMBL757895&quot;, &quot;parent_cmpd_chemblid&quot;: &quot;CHEMBL69502&quot;, &quot;units&quot;: &quot;nM&quot;, &quot;activity_comment&quot;: &quot;Unspecified&quot;, &quot;name_in_reference&quot;: &quot;21&quot;, &quot;assay_description&quot;: &quot;Inhibitory activity against canine lung Phosphodiesterase 5 (PDE5)&quot;, &quot;bioactivity_type&quot;: &quot;IC50&quot;, &quot;assay_type&quot;: &quot;B&quot;, &quot;target_confidence&quot;: 8}, {&quot;reference&quot;: &quot;J. Med. Chem., (2001) 44:13:2204&quot;, &quot;target_chemblid&quot;: &quot;CHEMBL2304402&quot;, &quot;target_name&quot;: &quot;Phosphodiesterase 5A&quot;, &quot;organism&quot;: &quot;Canis lupus famiaris&quot;, &quot;ingredient_cmpd_chemblid&quot;: &quot;CHEMBL540539&quot;, &quot;value&quot;: &quot;1.2&quot;, &quot;operator&quot;: &quot;=&quot;, &quot;assay_chemblid&quot;: &quot;CHEMBL757895&quot;, &quot;parent_cmpd_chemblid&quot;: &quot;CHEMBL1190269&quot;, &quot;units&quot;: &quot;nM&quot;, &quot;activity_comment&quot;: &quot;Unspecified&quot;, &quot;name_in_reference&quot;: &quot;26e&quot;, &quot;assay_description&quot;: &quot;Inhibitory activity against canine lung Phosphodiesterase 5 (PDE5)&quot;, &quot;bioactivity_type&quot;: &quot;IC50&quot;, &quot;assay_type&quot;: &quot;B&quot;, &quot;target_confidence&quot;: 8}, {&quot;reference&quot;: &quot;J. Med. Chem., (2001) 44:13:2204&quot;, &quot;target_chemblid&quot;: &quot;CHEMBL2304402&quot;, &quot;target_name&quot;: &quot;Phosphodiesterase 5A&quot;, &quot;organism&quot;: &quot;Canis lupus famiaris&quot;, &quot;ingredient_cmpd_chemblid&quot;: &quot;CHEMBL553083&quot;, &quot;value&quot;: &quot;220&quot;, &quot;operator&quot;: &quot;=&quot;, &quot;assay_chemblid&quot;: &quot;CHEMBL757895&quot;, &quot;parent_cmpd_chemblid&quot;: &quot;CHEMBL1194673&quot;, &quot;units&quot;: &quot;nM&quot;, &quot;activity_comment&quot;: &quot;Unspecified&quot;, &quot;name_in_reference&quot;: &quot;61&quot;, &quot;assay_description&quot;: &quot;Inhibitory activity against canine lung Phosphodiesterase 5 (PDE5)&quot;, &quot;bioactivity_type&quot;: &quot;IC50&quot;, &quot;assay_type&quot;: &quot;B&quot;, &quot;target_confidence&quot;: 8}, {&quot;reference&quot;: &quot;J. Med. Chem., (2001) 44:13:2204&quot;, &quot;target_chemblid&quot;: &quot;CHEMBL2304402&quot;, &quot;target_name&quot;: &quot;Phosphodiesterase 5A&quot;, &quot;organism&quot;: &quot;Canis lupus famiaris&quot;, &quot;ingredient_cmpd_chemblid&quot;: &quot;CHEMBL71478&quot;, &quot;value&quot;: &quot;230&quot;, &quot;operator&quot;: &quot;=&quot;, &quot;assay_chemblid&quot;: &quot;CHEMBL757895&quot;, &quot;parent_cmpd_chemblid&quot;: &quot;CHEMBL71478&quot;, &quot;units&quot;: &quot;nM&quot;, &quot;activity_comment&quot;: &quot;Unspecified&quot;, &quot;name_in_reference&quot;: &quot;16&quot;, &quot;assay_description&quot;: &quot;Inhibitory activity against canine lung Phosphodiesterase 5 (PDE5)&quot;, &quot;bioactivity_type&quot;: &quot;IC50&quot;, &quot;assay_type&quot;: &quot;B&quot;, &quot;target_confidence&quot;: 8}, {&quot;reference&quot;: &quot;J. Med. Chem., (2001) 44:13:2204&quot;, &quot;target_chemblid&quot;: &quot;CHEMBL2304402&quot;, &quot;target_name&quot;: &quot;Phosphodiesterase 5A&quot;, &quot;organism&quot;: &quot;Canis lupus famiaris&quot;, &quot;ingredient_cmpd_chemblid&quot;: &quot;CHEMBL68388&quot;, &quot;value&quot;: &quot;170&quot;, &quot;operator&quot;: &quot;=&quot;, &quot;assay_chemblid&quot;: &quot;CHEMBL757895&quot;, &quot;parent_cmpd_chemblid&quot;: &quot;CHEMBL68388&quot;, &quot;units&quot;: &quot;nM&quot;, &quot;activity_comment&quot;: &quot;Unspecified&quot;, &quot;name_in_reference&quot;: &quot;24&quot;, &quot;assay_description&quot;: &quot;Inhibitory activity against canine lung Phosphodiesterase 5 (PDE5)&quot;, &quot;bioactivity_type&quot;: &quot;IC50&quot;, &quot;assay_type&quot;: &quot;B&quot;, &quot;target_confidence&quot;: 8}, {&quot;reference&quot;: &quot;J. Med. Chem., (2001) 44:13:2204&quot;, &quot;target_chemblid&quot;: &quot;CHEMBL2304402&quot;, &quot;target_name&quot;: &quot;Phosphodiesterase 5A&quot;, &quot;organism&quot;: &quot;Canis lupus famiaris&quot;, &quot;ingredient_cmpd_chemblid&quot;: &quot;CHEMBL539779&quot;, &quot;value&quot;: &quot;10000&quot;, &quot;operator&quot;: &quot;&gt;&quot;, &quot;assay_chemblid&quot;: &quot;CHEMBL757895&quot;, &quot;parent_cmpd_chemblid&quot;: &quot;CHEMBL1189926&quot;, &quot;units&quot;: &quot;nM&quot;, &quot;activity_comment&quot;: &quot;Unspecified&quot;, &quot;name_in_reference&quot;: &quot;29&quot;, &quot;assay_description&quot;: &quot;Inhibitory activity against canine lung Phosphodiesterase 5 (PDE5)&quot;, &quot;bioactivity_type&quot;: &quot;IC50&quot;, &quot;assay_type&quot;: &quot;B&quot;, &quot;target_confidence&quot;: 8}, {&quot;reference&quot;: &quot;J. Med. Chem., (2001) 44:13:2204&quot;, &quot;target_chemblid&quot;: &quot;CHEMBL2304402&quot;, &quot;target_name&quot;: &quot;Phosphodiesterase 5A&quot;, &quot;organism&quot;: &quot;Canis lupus famiaris&quot;, &quot;ingredient_cmpd_chemblid&quot;: &quot;CHEMBL553371&quot;, &quot;value&quot;: &quot;1&quot;, &quot;operator&quot;: &quot;=&quot;, &quot;assay_chemblid&quot;: &quot;CHEMBL757895&quot;, &quot;parent_cmpd_chemblid&quot;: &quot;CHEMBL1179483&quot;, &quot;units&quot;: &quot;nM&quot;, &quot;activity_comment&quot;: &quot;Unspecified&quot;, &quot;name_in_reference&quot;: &quot;36a&quot;, &quot;assay_description&quot;: &quot;Inhibitory activity against canine lung Phosphodiesterase 5 (PDE5)&quot;, &quot;bioactivity_type&quot;: &quot;IC50&quot;, &quot;assay_type&quot;: &quot;B&quot;, &quot;target_confidence&quot;: 8}, {&quot;reference&quot;: &quot;J. Med. Chem., (2001) 44:13:2204&quot;, &quot;target_chemblid&quot;: &quot;CHEMBL2304402&quot;, &quot;target_name&quot;: &quot;Phosphodiesterase 5A&quot;, &quot;organism&quot;: &quot;Canis lupus famiaris&quot;, &quot;ingredient_cmpd_chemblid&quot;: &quot;CHEMBL545221&quot;, &quot;value&quot;: &quot;27&quot;, &quot;operator&quot;: &quot;=&quot;, &quot;assay_chemblid&quot;: &quot;CHEMBL757895&quot;, &quot;parent_cmpd_chemblid&quot;: &quot;CHEMBL1193759&quot;, &quot;units&quot;: &quot;nM&quot;, &quot;activity_comment&quot;: &quot;Unspecified&quot;, &quot;name_in_reference&quot;: &quot;26b&quot;, &quot;assay_description&quot;: &quot;Inhibitory activity against canine lung Phosphodiesterase 5 (PDE5)&quot;, &quot;bioactivity_type&quot;: &quot;IC50&quot;, &quot;assay_type&quot;: &quot;B&quot;, &quot;target_confidence&quot;: 8}, {&quot;reference&quot;: &quot;J. Med. Chem., (2001) 44:13:2204&quot;, &quot;target_chemblid&quot;: &quot;CHEMBL2304402&quot;, &quot;target_name&quot;: &quot;Phosphodiesterase 5A&quot;, &quot;organism&quot;: &quot;Canis lupus famiaris&quot;, &quot;ingredient_cmpd_chemblid&quot;: &quot;CHEMBL70432&quot;, &quot;value&quot;: &quot;230&quot;, &quot;operator&quot;: &quot;=&quot;, &quot;assay_chemblid&quot;: &quot;CHEMBL757895&quot;, &quot;parent_cmpd_chemblid&quot;: &quot;CHEMBL70432&quot;, &quot;units&quot;: &quot;nM&quot;, &quot;activity_comment&quot;: &quot;Unspecified&quot;, &quot;name_in_reference&quot;: &quot;14&quot;, &quot;assay_description&quot;: &quot;Inhibitory activity against canine lung Phosphodiesterase 5 (PDE5)&quot;, &quot;bioactivity_type&quot;: &quot;IC50&quot;, &quot;assay_type&quot;: &quot;B&quot;, &quot;target_confidence&quot;: 8}, {&quot;reference&quot;: &quot;J. Med. Chem., (2001) 44:13:2204&quot;, &quot;target_chemblid&quot;: &quot;CHEMBL2304402&quot;, &quot;target_name&quot;: &quot;Phosphodiesterase 5A&quot;, &quot;organism&quot;: &quot;Canis lupus famiaris&quot;, &quot;ingredient_cmpd_chemblid&quot;: &quot;CHEMBL305014&quot;, &quot;value&quot;: &quot;10000&quot;, &quot;operator&quot;: &quot;&gt;&quot;, &quot;assay_chemblid&quot;: &quot;CHEMBL757895&quot;, &quot;parent_cmpd_chemblid&quot;: &quot;CHEMBL305014&quot;, &quot;units&quot;: &quot;nM&quot;, &quot;activity_comment&quot;: &quot;Unspecified&quot;, &quot;name_in_reference&quot;: &quot;28&quot;, &quot;assay_description&quot;: &quot;Inhibitory activity against canine lung Phosphodiesterase 5 (PDE5)&quot;, &quot;bioactivity_type&quot;: &quot;IC50&quot;, &quot;assay_type&quot;: &quot;B&quot;, &quot;target_confidence&quot;: 8}, {&quot;reference&quot;: &quot;J. Med. Chem., (2001) 44:13:2204&quot;, &quot;target_chemblid&quot;: &quot;CHEMBL2304402&quot;, &quot;target_name&quot;: &quot;Phosphodiesterase 5A&quot;, &quot;organism&quot;: &quot;Canis lupus famiaris&quot;, &quot;ingredient_cmpd_chemblid&quot;: &quot;CHEMBL71949&quot;, &quot;value&quot;: &quot;10000&quot;, &quot;operator&quot;: &quot;&gt;&quot;, &quot;assay_chemblid&quot;: &quot;CHEMBL757895&quot;, &quot;parent_cmpd_chemblid&quot;: &quot;CHEMBL71949&quot;, &quot;units&quot;: &quot;nM&quot;, &quot;activity_comment&quot;: &quot;Unspecified&quot;, &quot;name_in_reference&quot;: &quot;27&quot;, &quot;assay_description&quot;: &quot;Inhibitory activity against canine lung Phosphodiesterase 5 (PDE5)&quot;, &quot;bioactivity_type&quot;: &quot;IC50&quot;, &quot;assay_type&quot;: &quot;B&quot;, &quot;target_confidence&quot;: 8}, {&quot;reference&quot;: &quot;J. Med. Chem., (2001) 44:13:2204&quot;, &quot;target_chemblid&quot;: &quot;CHEMBL2304402&quot;, &quot;target_name&quot;: &quot;Phosphodiesterase 5A&quot;, &quot;organism&quot;: &quot;Canis lupus famiaris&quot;, &quot;ingredient_cmpd_chemblid&quot;: &quot;CHEMBL305206&quot;, &quot;value&quot;: &quot;26&quot;, &quot;operator&quot;: &quot;=&quot;, &quot;assay_chemblid&quot;: &quot;CHEMBL757895&quot;, &quot;parent_cmpd_chemblid&quot;: &quot;CHEMBL305206&quot;, &quot;units&quot;: &quot;nM&quot;, &quot;activity_comment&quot;: &quot;Unspecified&quot;, &quot;name_in_reference&quot;: &quot;18&quot;, &quot;assay_description&quot;: &quot;Inhibitory activity against canine lung Phosphodiesterase 5 (PDE5)&quot;, &quot;bioactivity_type&quot;: &quot;IC50&quot;, &quot;assay_type&quot;: &quot;B&quot;, &quot;target_confidence&quot;: 8}, {&quot;reference&quot;: &quot;J. Med. Chem., (2001) 44:13:2204&quot;, &quot;target_chemblid&quot;: &quot;CHEMBL2304402&quot;, &quot;target_name&quot;: &quot;Phosphodiesterase 5A&quot;, &quot;organism&quot;: &quot;Canis lupus famiaris&quot;, &quot;ingredient_cmpd_chemblid&quot;: &quot;CHEMBL544289&quot;, &quot;value&quot;: &quot;1.1&quot;, &quot;operator&quot;: &quot;=&quot;, &quot;assay_chemblid&quot;: &quot;CHEMBL757895&quot;, &quot;parent_cmpd_chemblid&quot;: &quot;CHEMBL1192966&quot;, &quot;units&quot;: &quot;nM&quot;, &quot;activity_comment&quot;: &quot;Unspecified&quot;, &quot;name_in_reference&quot;: &quot;36b&quot;, &quot;assay_description&quot;: &quot;Inhibitory activity against canine lung Phosphodiesterase 5 (PDE5)&quot;, &quot;bioactivity_type&quot;: &quot;IC50&quot;, &quot;assay_type&quot;: &quot;B&quot;, &quot;target_confidence&quot;: 8}, {&quot;reference&quot;: &quot;J. Med. Chem., (2001) 44:13:2204&quot;, &quot;target_chemblid&quot;: &quot;CHEMBL2304402&quot;, &quot;target_name&quot;: &quot;Phosphodiesterase 5A&quot;, &quot;organism&quot;: &quot;Canis lupus famiaris&quot;, &quot;ingredient_cmpd_chemblid&quot;: &quot;CHEMBL538505&quot;, &quot;value&quot;: &quot;97&quot;, &quot;operator&quot;: &quot;=&quot;, &quot;assay_chemblid&quot;: &quot;CHEMBL757895&quot;, &quot;parent_cmpd_chemblid&quot;: &quot;CHEMBL1189317&quot;, &quot;units&quot;: &quot;nM&quot;, &quot;activity_comment&quot;: &quot;Unspecified&quot;, &quot;name_in_reference&quot;: &quot;26d&quot;, &quot;assay_description&quot;: &quot;Inhibitory activity against canine lung Phosphodiesterase 5 (PDE5)&quot;, &quot;bioactivity_type&quot;: &quot;IC50&quot;, &quot;assay_type&quot;: &quot;B&quot;, &quot;target_confidence&quot;: 8}, {&quot;reference&quot;: &quot;J. Med. Chem., (2001) 44:13:2204&quot;, &quot;target_chemblid&quot;: &quot;CHEMBL2304402&quot;, &quot;target_name&quot;: &quot;Phosphodiesterase 5A&quot;, &quot;organism&quot;: &quot;Canis lupus famiaris&quot;, &quot;ingredient_cmpd_chemblid&quot;: &quot;CHEMBL305028&quot;, &quot;value&quot;: &quot;380&quot;, &quot;operator&quot;: &quot;=&quot;, &quot;assay_chemblid&quot;: &quot;CHEMBL757895&quot;, &quot;parent_cmpd_chemblid&quot;: &quot;CHEMBL305028&quot;, &quot;units&quot;: &quot;nM&quot;, &quot;activity_comment&quot;: &quot;Unspecified&quot;, &quot;name_in_reference&quot;: &quot;20&quot;, &quot;assay_description&quot;: &quot;Inhibitory activity against canine lung Phosphodiesterase 5 (PDE5)&quot;, &quot;bioactivity_type&quot;: &quot;IC50&quot;, &quot;assay_type&quot;: &quot;B&quot;, &quot;target_confidence&quot;: 8}, {&quot;reference&quot;: &quot;J. Med. Chem., (2001) 44:13:2204&quot;, &quot;target_chemblid&quot;: &quot;CHEMBL2304402&quot;, &quot;target_name&quot;: &quot;Phosphodiesterase 5A&quot;, &quot;organism&quot;: &quot;Canis lupus famiaris&quot;, &quot;ingredient_cmpd_chemblid&quot;: &quot;CHEMBL72423&quot;, &quot;value&quot;: &quot;5&quot;, &quot;operator&quot;: &quot;=&quot;, &quot;assay_chemblid&quot;: &quot;CHEMBL757895&quot;, &quot;parent_cmpd_chemblid&quot;: &quot;CHEMBL72423&quot;, &quot;units&quot;: &quot;nM&quot;, &quot;activity_comment&quot;: &quot;Unspecified&quot;, &quot;name_in_reference&quot;: &quot;33&quot;, &quot;assay_description&quot;: &quot;Inhibitory activity against canine lung Phosphodiesterase 5 (PDE5)&quot;, &quot;bioactivity_type&quot;: &quot;IC50&quot;, &quot;assay_type&quot;: &quot;B&quot;, &quot;target_confidence&quot;: 8}, {&quot;reference&quot;: &quot;J. Med. Chem., (2001) 44:13:2204&quot;, &quot;target_chemblid&quot;: &quot;CHEMBL2304402&quot;, &quot;target_name&quot;: &quot;Phosphodiesterase 5A&quot;, &quot;organism&quot;: &quot;Canis lupus famiaris&quot;, &quot;ingredient_cmpd_chemblid&quot;: &quot;CHEMBL544057&quot;, &quot;value&quot;: &quot;1900&quot;, &quot;operator&quot;: &quot;=&quot;, &quot;assay_chemblid&quot;: &quot;CHEMBL757895&quot;, &quot;parent_cmpd_chemblid&quot;: &quot;CHEMBL1192764&quot;, &quot;units&quot;: &quot;nM&quot;, &quot;activity_comment&quot;: &quot;Unspecified&quot;, &quot;name_in_reference&quot;: &quot;59&quot;, &quot;assay_description&quot;: &quot;Inhibitory activity against canine lung Phosphodiesterase 5 (PDE5)&quot;, &quot;bioactivity_type&quot;: &quot;IC50&quot;, &quot;assay_type&quot;: &quot;B&quot;, &quot;target_confidence&quot;: 8}, {&quot;reference&quot;: &quot;J. Med. Chem., (2001) 44:13:2204&quot;, &quot;target_chemblid&quot;: &quot;CHEMBL2304402&quot;, &quot;target_name&quot;: &quot;Phosphodiesterase 5A&quot;, &quot;organism&quot;: &quot;Canis lupus famiaris&quot;, &quot;ingredient_cmpd_chemblid&quot;: &quot;CHEMBL192&quot;, &quot;value&quot;: &quot;3.9&quot;, &quot;operator&quot;: &quot;=&quot;, &quot;assay_chemblid&quot;: &quot;CHEMBL757895&quot;, &quot;parent_cmpd_chemblid&quot;: &quot;CHEMBL192&quot;, &quot;units&quot;: &quot;nM&quot;, &quot;activity_comment&quot;: &quot;Unspecified&quot;, &quot;name_in_reference&quot;: &quot;UK-92480, Sildenafil&quot;, &quot;assay_description&quot;: &quot;Inhibitory activity against canine lung Phosphodiesterase 5 (PDE5)&quot;, &quot;bioactivity_type&quot;: &quot;IC50&quot;, &quot;assay_type&quot;: &quot;B&quot;, &quot;target_confidence&quot;: 8}, {&quot;reference&quot;: &quot;J. Med. Chem., (2001) 44:13:2204&quot;, &quot;target_chemblid&quot;: &quot;CHEMBL2304402&quot;, &quot;target_name&quot;: &quot;Phosphodiesterase 5A&quot;, &quot;organism&quot;: &quot;Canis lupus famiaris&quot;, &quot;ingredient_cmpd_chemblid&quot;: &quot;CHEMBL543351&quot;, &quot;value&quot;: &quot;490&quot;, &quot;operator&quot;: &quot;=&quot;, &quot;assay_chemblid&quot;: &quot;CHEMBL757895&quot;, &quot;parent_cmpd_chemblid&quot;: &quot;CHEMBL1192164&quot;, &quot;units&quot;: &quot;nM&quot;, &quot;activity_comment&quot;: &quot;Unspecified&quot;, &quot;name_in_reference&quot;: &quot;60&quot;, &quot;assay_description&quot;: &quot;Inhibitory activity against canine lung Phosphodiesterase 5 (PDE5)&quot;, &quot;bioactivity_type&quot;: &quot;IC50&quot;, &quot;assay_type&quot;: &quot;B&quot;, &quot;target_confidence&quot;: 8}, {&quot;reference&quot;: &quot;J. Med. Chem., (2001) 44:13:2204&quot;, &quot;target_chemblid&quot;: &quot;CHEMBL2304402&quot;, &quot;target_name&quot;: &quot;Phosphodiesterase 5A&quot;, &quot;organism&quot;: &quot;Canis lupus famiaris&quot;, &quot;ingredient_cmpd_chemblid&quot;: &quot;CHEMBL542878&quot;, &quot;value&quot;: &quot;8.5&quot;, &quot;operator&quot;: &quot;=&quot;, &quot;assay_chemblid&quot;: &quot;CHEMBL757895&quot;, &quot;parent_cmpd_chemblid&quot;: &quot;CHEMBL1191739&quot;, &quot;units&quot;: &quot;nM&quot;, &quot;activity_comment&quot;: &quot;Unspecified&quot;, &quot;name_in_reference&quot;: &quot;40&quot;, &quot;assay_description&quot;: &quot;Inhibitory activity against canine lung Phosphodiesterase 5 (PDE5)&quot;, &quot;bioactivity_type&quot;: &quot;IC50&quot;, &quot;assay_type&quot;: &quot;B&quot;, &quot;target_confidence&quot;: 8}, {&quot;reference&quot;: &quot;J. Med. Chem., (2001) 44:13:2204&quot;, &quot;target_chemblid&quot;: &quot;CHEMBL2304402&quot;, &quot;target_name&quot;: &quot;Phosphodiesterase 5A&quot;, &quot;organism&quot;: &quot;Canis lupus famiaris&quot;, &quot;ingredient_cmpd_chemblid&quot;: &quot;CHEMBL543818&quot;, &quot;value&quot;: &quot;20&quot;, &quot;operator&quot;: &quot;=&quot;, &quot;assay_chemblid&quot;: &quot;CHEMBL757895&quot;, &quot;parent_cmpd_chemblid&quot;: &quot;CHEMBL1192563&quot;, &quot;units&quot;: &quot;nM&quot;, &quot;activity_comment&quot;: &quot;Unspecified&quot;, &quot;name_in_reference&quot;: &quot;26c&quot;, &quot;assay_description&quot;: &quot;Inhibitory activity against canine lung Phosphodiesterase 5 (PDE5)&quot;, &quot;bioactivity_type&quot;: &quot;IC50&quot;, &quot;assay_type&quot;: &quot;B&quot;, &quot;target_confidence&quot;: 8}, {&quot;reference&quot;: &quot;J. Med. Chem., (2001) 44:13:2204&quot;, &quot;target_chemblid&quot;: &quot;CHEMBL2304402&quot;, &quot;target_name&quot;: &quot;Phosphodiesterase 5A&quot;, &quot;organism&quot;: &quot;Canis lupus famiaris&quot;, &quot;ingredient_cmpd_chemblid&quot;: &quot;CHEMBL538498&quot;, &quot;value&quot;: &quot;0.22&quot;, &quot;operator&quot;: &quot;=&quot;, &quot;assay_chemblid&quot;: &quot;CHEMBL757895&quot;, &quot;parent_cmpd_chemblid&quot;: &quot;CHEMBL1189311&quot;, &quot;units&quot;: &quot;nM&quot;, &quot;activity_comment&quot;: &quot;Unspecified&quot;, &quot;name_in_reference&quot;: &quot;36d&quot;, &quot;assay_description&quot;: &quot;Inhibitory activity against canine lung Phosphodiesterase 5 (PDE5)&quot;, &quot;bioactivity_type&quot;: &quot;IC50&quot;, &quot;assay_type&quot;: &quot;B&quot;, &quot;target_confidence&quot;: 8}, {&quot;reference&quot;: &quot;J. Med. Chem., (2001) 44:13:2204&quot;, &quot;target_chemblid&quot;: &quot;CHEMBL2304402&quot;, &quot;target_name&quot;: &quot;Phosphodiesterase 5A&quot;, &quot;organism&quot;: &quot;Canis lupus famiaris&quot;, &quot;ingredient_cmpd_chemblid&quot;: &quot;CHEMBL305427&quot;, &quot;value&quot;: &quot;900&quot;, &quot;operator&quot;: &quot;=&quot;, &quot;assay_chemblid&quot;: &quot;CHEMBL757895&quot;, &quot;parent_cmpd_chemblid&quot;: &quot;CHEMBL305427&quot;, &quot;units&quot;: &quot;nM&quot;, &quot;activity_comment&quot;: &quot;Unspecified&quot;, &quot;name_in_reference&quot;: &quot;13&quot;, &quot;assay_description&quot;: &quot;Inhibitory activity against canine lung Phosphodiesterase 5 (PDE5)&quot;, &quot;bioactivity_type&quot;: &quot;IC50&quot;, &quot;assay_type&quot;: &quot;B&quot;, &quot;target_confidence&quot;: 8}, {&quot;reference&quot;: &quot;J. Med. Chem., (2001) 44:13:2204&quot;, &quot;target_chemblid&quot;: &quot;CHEMBL2304402&quot;, &quot;target_name&quot;: &quot;Phosphodiesterase 5A&quot;, &quot;organism&quot;: &quot;Canis lupus famiaris&quot;, &quot;ingredient_cmpd_chemblid&quot;: &quot;CHEMBL553786&quot;, &quot;value&quot;: &quot;3.1&quot;, &quot;operator&quot;: &quot;=&quot;, &quot;assay_chemblid&quot;: &quot;CHEMBL757895&quot;, &quot;parent_cmpd_chemblid&quot;: &quot;CHEMBL1195062&quot;, &quot;units&quot;: &quot;nM&quot;, &quot;activity_comment&quot;: &quot;Unspecified&quot;, &quot;name_in_reference&quot;: &quot;36c&quot;, &quot;assay_description&quot;: &quot;Inhibitory activity against canine lung Phosphodiesterase 5 (PDE5)&quot;, &quot;bioactivity_type&quot;: &quot;IC50&quot;, &quot;assay_type&quot;: &quot;B&quot;, &quot;target_confidence&quot;: 8}, {&quot;reference&quot;: &quot;J. Med. Chem., (2001) 44:13:2204&quot;, &quot;target_chemblid&quot;: &quot;CHEMBL2304402&quot;, &quot;target_name&quot;: &quot;Phosphodiesterase 5A&quot;, &quot;organism&quot;: &quot;Canis lupus famiaris&quot;, &quot;ingredient_cmpd_chemblid&quot;: &quot;CHEMBL544995&quot;, &quot;value&quot;: &quot;21&quot;, &quot;operator&quot;: &quot;=&quot;, &quot;assay_chemblid&quot;: &quot;CHEMBL757895&quot;, &quot;parent_cmpd_chemblid&quot;: &quot;CHEMBL1193566&quot;, &quot;units&quot;: &quot;nM&quot;, &quot;activity_comment&quot;: &quot;Unspecified&quot;, &quot;name_in_reference&quot;: &quot;26a&quot;, &quot;assay_description&quot;: &quot;Inhibitory activity against canine lung Phosphodiesterase 5 (PDE5)&quot;, &quot;bioactivity_type&quot;: &quot;IC50&quot;, &quot;assay_type&quot;: &quot;B&quot;, &quot;target_confidence&quot;: 8}]}"/>
</config>
</config>
</config>
</config>
<config key="column_properties"/>
</config>
</config>
