<?xml version="1.0" encoding="UTF-8"?>
<config xmlns="http://www.knime.org/2008/09/XMLConfig" xmlns:xsi="http://www.w3.org/2001/XMLSchema-instance" xsi:schemaLocation="http://www.knime.org/2008/09/XMLConfig http://www.knime.org/XMLConfig_2008_09.xsd" key="spec.xml">
<entry key="spec_name" type="xstring" value="default"/>
<entry key="number_columns" type="xint" value="1"/>
<config key="column_spec_0">
<entry key="column_name" type="xstring" value="Representation"/>
<config key="element_names">
<entry key="array-size" type="xint" value="0"/>
</config>
<config key="column_type">
<entry key="cell_class" type="xstring" value="org.knime.core.data.def.StringCell"/>
</config>
<config key="column_domain">
<config key="possible_values">
<entry key="array-size" type="xint" value="1"/>
<config key="0">
<entry key="datacell" type="xstring" value="org.knime.core.data.def.StringCell"/>
<config key="org.knime.core.data.def.StringCell">
<entry key="StringCell" type="xstring" value="{&quot;compounds&quot;: [{&quot;smiles&quot;: &quot;c1ccc(cc1)c2ncnc3[nH]ccc23&quot;, &quot;chemblId&quot;: &quot;CHEMBL578974&quot;, &quot;passesRuleOfThree&quot;: &quot;Yes&quot;, &quot;molecularWeight&quot;: 195.22, &quot;similarity&quot;: 1.0, &quot;molecularFormula&quot;: &quot;C12H9N3&quot;, &quot;acdLogp&quot;: 2.10, &quot;knownDrug&quot;: &quot;No&quot;, &quot;stdInChiKey&quot;: &quot;XWMVYDXYOLGHBU-UHFFFAOYSA-N&quot;, &quot;acdLogd&quot;: 2.10, &quot;synonyms&quot;: null, &quot;medChemFriendly&quot;: &quot;Yes&quot;, &quot;rotatableBonds&quot;: 1, &quot;acdBasicPka&quot;: 4.12, &quot;alogp&quot;: 2.49, &quot;preferredCompoundName&quot;: null, &quot;numRo5Violations&quot;: 0, &quot;species&quot;: &quot;NEUTRAL&quot;, &quot;acdAcidicPka&quot;: 11.97}, {&quot;smiles&quot;: &quot;c1ccc(cc1)c2nc[nH]c2c3ccccc3&quot;, &quot;chemblId&quot;: &quot;CHEMBL224554&quot;, &quot;passesRuleOfThree&quot;: &quot;No&quot;, &quot;molecularWeight&quot;: 220.27, &quot;similarity&quot;: 0.709677419354839, &quot;molecularFormula&quot;: &quot;C15H12N2&quot;, &quot;acdLogp&quot;: 3.34, &quot;knownDrug&quot;: &quot;No&quot;, &quot;stdInChiKey&quot;: &quot;CPHGOBGXZQKCKI-UHFFFAOYSA-N&quot;, &quot;acdLogd&quot;: 3.30, &quot;synonyms&quot;: null, &quot;medChemFriendly&quot;: &quot;Yes&quot;, &quot;rotatableBonds&quot;: 2, &quot;acdBasicPka&quot;: 6.09, &quot;alogp&quot;: 3.47, &quot;preferredCompoundName&quot;: null, &quot;numRo5Violations&quot;: 0, &quot;species&quot;: &quot;NEUTRAL&quot;, &quot;acdAcidicPka&quot;: 12.99}, {&quot;smiles&quot;: &quot;c1ccc(cc1)c2ccnc3[nH]ccc23&quot;, &quot;chemblId&quot;: &quot;CHEMBL482538&quot;, &quot;passesRuleOfThree&quot;: &quot;Yes&quot;, &quot;molecularWeight&quot;: 194.23, &quot;similarity&quot;: 0.709677419354839, &quot;molecularFormula&quot;: &quot;C13H10N2&quot;, &quot;acdLogp&quot;: 2.93, &quot;knownDrug&quot;: &quot;No&quot;, &quot;stdInChiKey&quot;: &quot;HZJDBCYRQSJNLZ-UHFFFAOYSA-N&quot;, &quot;acdLogd&quot;: 2.93, &quot;synonyms&quot;: null, &quot;medChemFriendly&quot;: &quot;Yes&quot;, &quot;rotatableBonds&quot;: 1, &quot;acdBasicPka&quot;: 4.99, &quot;alogp&quot;: 2.69, &quot;preferredCompoundName&quot;: null, &quot;numRo5Violations&quot;: 0, &quot;species&quot;: &quot;NEUTRAL&quot;, &quot;acdAcidicPka&quot;: 13.77}, {&quot;smiles&quot;: &quot;c1ccc(cc1)c2ncnc3ccccc23&quot;, &quot;chemblId&quot;: &quot;CHEMBL2357789&quot;, &quot;passesRuleOfThree&quot;: &quot;No&quot;, &quot;molecularWeight&quot;: 206.24, &quot;similarity&quot;: 0.67741935483871, &quot;molecularFormula&quot;: &quot;C14H10N2&quot;, &quot;acdLogp&quot;: 3.02, &quot;knownDrug&quot;: &quot;No&quot;, &quot;stdInChiKey&quot;: &quot;VEFDQCSIVBIYFQ-UHFFFAOYSA-N&quot;, &quot;acdLogd&quot;: 3.02, &quot;synonyms&quot;: null, &quot;medChemFriendly&quot;: &quot;Yes&quot;, &quot;rotatableBonds&quot;: 1, &quot;acdBasicPka&quot;: 1.50, &quot;alogp&quot;: 3.34, &quot;preferredCompoundName&quot;: null, &quot;numRo5Violations&quot;: 0, &quot;species&quot;: &quot;NEUTRAL&quot;, &quot;acdAcidicPka&quot;: null}, {&quot;smiles&quot;: &quot;CC(=O)c1ccccc1c2ncnc3[nH]ccc23&quot;, &quot;chemblId&quot;: &quot;CHEMBL1977931&quot;, &quot;passesRuleOfThree&quot;: &quot;Yes&quot;, &quot;molecularWeight&quot;: 237.26, &quot;similarity&quot;: 0.676470588235294, &quot;molecularFormula&quot;: &quot;C14H11N3O&quot;, &quot;acdLogp&quot;: 1.03, &quot;knownDrug&quot;: &quot;No&quot;, &quot;stdInChiKey&quot;: &quot;GMXNHZVARFMXAY-UHFFFAOYSA-N&quot;, &quot;acdLogd&quot;: 1.03, &quot;synonyms&quot;: null, &quot;medChemFriendly&quot;: &quot;Yes&quot;, &quot;rotatableBonds&quot;: 2, &quot;acdBasicPka&quot;: 3.79, &quot;alogp&quot;: 2.23, &quot;preferredCompoundName&quot;: null, &quot;numRo5Violations&quot;: 0, &quot;species&quot;: &quot;NEUTRAL&quot;, &quot;acdAcidicPka&quot;: 11.72}, {&quot;smiles&quot;: &quot;Fc1ccc(cc1)c2nc([nH]c2c3ncnc4[nH]ccc34)c5ccccc5&quot;, &quot;chemblId&quot;: &quot;CHEMBL2179123&quot;, &quot;passesRuleOfThree&quot;: &quot;No&quot;, &quot;molecularWeight&quot;: 355.37, &quot;similarity&quot;: 0.65, &quot;molecularFormula&quot;: &quot;C21H14FN5&quot;, &quot;acdLogp&quot;: 3.01, &quot;knownDrug&quot;: &quot;No&quot;, &quot;stdInChiKey&quot;: &quot;FMVKIPNKXJXTQK-UHFFFAOYSA-N&quot;, &quot;acdLogd&quot;: 3.01, &quot;synonyms&quot;: null, &quot;medChemFriendly&quot;: &quot;Yes&quot;, &quot;rotatableBonds&quot;: 3, &quot;acdBasicPka&quot;: 3.69, &quot;alogp&quot;: 4.75, &quot;preferredCompoundName&quot;: null, &quot;numRo5Violations&quot;: 0, &quot;species&quot;: &quot;NEUTRAL&quot;, &quot;acdAcidicPka&quot;: 10.35}, {&quot;smiles&quot;: &quot;NC(=O)c1[nH]cnc1c2ccccc2&quot;, &quot;chemblId&quot;: &quot;CHEMBL227419&quot;, &quot;passesRuleOfThree&quot;: &quot;No&quot;, &quot;molecularWeight&quot;: 187.20, &quot;similarity&quot;: 0.645161290322581, &quot;molecularFormula&quot;: &quot;C10H9N3O&quot;, &quot;acdLogp&quot;: 1.96, &quot;knownDrug&quot;: &quot;No&quot;, &quot;stdInChiKey&quot;: &quot;XZCZAVKHJMSAIF-UHFFFAOYSA-N&quot;, &quot;acdLogd&quot;: 1.96, &quot;synonyms&quot;: null, &quot;medChemFriendly&quot;: &quot;Yes&quot;, &quot;rotatableBonds&quot;: 2, &quot;acdBasicPka&quot;: 4.43, &quot;alogp&quot;: 0.96, &quot;preferredCompoundName&quot;: null, &quot;numRo5Violations&quot;: 0, &quot;species&quot;: &quot;NEUTRAL&quot;, &quot;acdAcidicPka&quot;: 11.45}, {&quot;smiles&quot;: &quot;c1ccc(cc1)c2nccnc2c3ccccc3&quot;, &quot;chemblId&quot;: &quot;CHEMBL48222&quot;, &quot;passesRuleOfThree&quot;: &quot;No&quot;, &quot;molecularWeight&quot;: 232.28, &quot;similarity&quot;: 0.636363636363636, &quot;molecularFormula&quot;: &quot;C16H12N2&quot;, &quot;acdLogp&quot;: 3.38, &quot;knownDrug&quot;: &quot;No&quot;, &quot;stdInChiKey&quot;: &quot;PTZIVVDMBCVSMR-UHFFFAOYSA-N&quot;, &quot;acdLogd&quot;: 3.38, &quot;synonyms&quot;: &quot;2,3-Diphenyl-Pyrazine&quot;, &quot;medChemFriendly&quot;: &quot;Yes&quot;, &quot;rotatableBonds&quot;: 2, &quot;acdBasicPka&quot;: 0.16, &quot;alogp&quot;: 3.42, &quot;preferredCompoundName&quot;: null, &quot;numRo5Violations&quot;: 0, &quot;species&quot;: &quot;NEUTRAL&quot;, &quot;acdAcidicPka&quot;: null}, {&quot;smiles&quot;: &quot;O=Nc1[nH]cnc1c2ccccc2&quot;, &quot;chemblId&quot;: &quot;CHEMBL113235&quot;, &quot;passesRuleOfThree&quot;: &quot;Yes&quot;, &quot;molecularWeight&quot;: 173.17, &quot;similarity&quot;: 0.633333333333333, &quot;molecularFormula&quot;: &quot;C9H7N3O&quot;, &quot;acdLogp&quot;: 1.87, &quot;knownDrug&quot;: &quot;No&quot;, &quot;stdInChiKey&quot;: &quot;LFIVWAMAAWKOGO-UHFFFAOYSA-N&quot;, &quot;acdLogd&quot;: 1.87, &quot;synonyms&quot;: null, &quot;medChemFriendly&quot;: &quot;Yes&quot;, &quot;rotatableBonds&quot;: 2, &quot;acdBasicPka&quot;: 2.10, &quot;alogp&quot;: 2.04, &quot;preferredCompoundName&quot;: null, &quot;numRo5Violations&quot;: 0, &quot;species&quot;: &quot;NEUTRAL&quot;, &quot;acdAcidicPka&quot;: 9.28}, {&quot;smiles&quot;: &quot;c1ccc2c(c1)cnc3[nH]ccc23&quot;, &quot;chemblId&quot;: &quot;CHEMBL609575&quot;, &quot;passesRuleOfThree&quot;: &quot;Yes&quot;, &quot;molecularWeight&quot;: 168.19, &quot;similarity&quot;: 0.625, &quot;molecularFormula&quot;: &quot;C11H8N2&quot;, &quot;acdLogp&quot;: 2.76, &quot;knownDrug&quot;: &quot;No&quot;, &quot;stdInChiKey&quot;: &quot;FPNDRDUWRNKBRK-UHFFFAOYSA-N&quot;, &quot;acdLogd&quot;: 2.76, &quot;synonyms&quot;: &quot;3H-Pyrrolo[2,3-C]Isoquinoline&quot;, &quot;medChemFriendly&quot;: &quot;Yes&quot;, &quot;rotatableBonds&quot;: 0, &quot;acdBasicPka&quot;: 5.10, &quot;alogp&quot;: 2.08, &quot;preferredCompoundName&quot;: null, &quot;numRo5Violations&quot;: 0, &quot;species&quot;: &quot;NEUTRAL&quot;, &quot;acdAcidicPka&quot;: 13.88}, {&quot;smiles&quot;: &quot;c1ccc(cc1)c2nccc3ccccc23&quot;, &quot;chemblId&quot;: &quot;CHEMBL1719440&quot;, &quot;passesRuleOfThree&quot;: &quot;No&quot;, &quot;molecularWeight&quot;: 205.25, &quot;similarity&quot;: 0.612903225806452, &quot;molecularFormula&quot;: &quot;C15H11N&quot;, &quot;acdLogp&quot;: 4.08, &quot;knownDrug&quot;: &quot;No&quot;, &quot;stdInChiKey&quot;: &quot;LPCWDYWZIWDTCV-UHFFFAOYSA-N&quot;, &quot;acdLogd&quot;: 4.08, &quot;synonyms&quot;: null, &quot;medChemFriendly&quot;: &quot;Yes&quot;, &quot;rotatableBonds&quot;: 1, &quot;acdBasicPka&quot;: 4.71, &quot;alogp&quot;: 3.53, &quot;preferredCompoundName&quot;: null, &quot;numRo5Violations&quot;: 0, &quot;species&quot;: &quot;NEUTRAL&quot;, &quot;acdAcidicPka&quot;: null}, {&quot;smiles&quot;: &quot;Cc1ccc(cc1)c2nc(c3ccccc3)c4[nH]cnc4n2&quot;, &quot;chemblId&quot;: &quot;CHEMBL205194&quot;, &quot;passesRuleOfThree&quot;: &quot;No&quot;, &quot;molecularWeight&quot;: 286.33, &quot;similarity&quot;: 0.605263157894737, &quot;molecularFormula&quot;: &quot;C18H14N4&quot;, &quot;acdLogp&quot;: 4.12, &quot;knownDrug&quot;: &quot;No&quot;, &quot;stdInChiKey&quot;: &quot;OPFZHJCGZXEIRY-UHFFFAOYSA-N&quot;, &quot;acdLogd&quot;: 4.11, &quot;synonyms&quot;: null, &quot;medChemFriendly&quot;: &quot;Yes&quot;, &quot;rotatableBonds&quot;: 2, &quot;acdBasicPka&quot;: 2.02, &quot;alogp&quot;: 3.82, &quot;preferredCompoundName&quot;: null, &quot;numRo5Violations&quot;: 0, &quot;species&quot;: &quot;NEUTRAL&quot;, &quot;acdAcidicPka&quot;: 9.11}, {&quot;smiles&quot;: &quot;Cc1ccc2ncnc(c3ccccc3)c2c1&quot;, &quot;chemblId&quot;: &quot;CHEMBL1892341&quot;, &quot;passesRuleOfThree&quot;: &quot;No&quot;, &quot;molecularWeight&quot;: 220.27, &quot;similarity&quot;: 0.6, &quot;molecularFormula&quot;: &quot;C15H12N2&quot;, &quot;acdLogp&quot;: 3.56, &quot;knownDrug&quot;: &quot;No&quot;, &quot;stdInChiKey&quot;: &quot;PTKROUZLQOQRAP-UHFFFAOYSA-N&quot;, &quot;acdLogd&quot;: 3.56, &quot;synonyms&quot;: null, &quot;medChemFriendly&quot;: &quot;Yes&quot;, &quot;rotatableBonds&quot;: 1, &quot;acdBasicPka&quot;: 1.94, &quot;alogp&quot;: 3.82, &quot;preferredCompoundName&quot;: null, &quot;numRo5Violations&quot;: 0, &quot;species&quot;: &quot;NEUTRAL&quot;, &quot;acdAcidicPka&quot;: null}, {&quot;smiles&quot;: &quot;c1ccc(cc1)c2nc(c3ccccc3)c4[nH]cnc4n2&quot;, &quot;chemblId&quot;: &quot;CHEMBL381729&quot;, &quot;passesRuleOfThree&quot;: &quot;No&quot;, &quot;molecularWeight&quot;: 272.30, &quot;similarity&quot;: 0.594594594594595, &quot;molecularFormula&quot;: &quot;C17H12N4&quot;, &quot;acdLogp&quot;: 4.33, &quot;knownDrug&quot;: &quot;No&quot;, &quot;stdInChiKey&quot;: &quot;WNVFFQZYOFELQA-UHFFFAOYSA-N&quot;, &quot;acdLogd&quot;: 4.32, &quot;synonyms&quot;: null, &quot;medChemFriendly&quot;: &quot;Yes&quot;, &quot;rotatableBonds&quot;: 2, &quot;acdBasicPka&quot;: 1.85, &quot;alogp&quot;: 3.33, &quot;preferredCompoundName&quot;: null, &quot;numRo5Violations&quot;: 0, &quot;species&quot;: &quot;NEUTRAL&quot;, &quot;acdAcidicPka&quot;: 9.07}, {&quot;smiles&quot;: &quot;OC(=O)Cc1[nH]cnc1c2ccccc2&quot;, &quot;chemblId&quot;: &quot;CHEMBL243932&quot;, &quot;passesRuleOfThree&quot;: &quot;No&quot;, &quot;molecularWeight&quot;: 202.21, &quot;similarity&quot;: 0.59375, &quot;molecularFormula&quot;: &quot;C11H10N2O2&quot;, &quot;acdLogp&quot;: 1.92, &quot;knownDrug&quot;: &quot;No&quot;, &quot;stdInChiKey&quot;: &quot;POQNAJFZBBTTAJ-UHFFFAOYSA-N&quot;, &quot;acdLogd&quot;: -0.83, &quot;synonyms&quot;: null, &quot;medChemFriendly&quot;: &quot;Yes&quot;, &quot;rotatableBonds&quot;: 3, &quot;acdBasicPka&quot;: 6.98, &quot;alogp&quot;: 1.62, &quot;preferredCompoundName&quot;: null, &quot;numRo5Violations&quot;: 0, &quot;species&quot;: &quot;ACID&quot;, &quot;acdAcidicPka&quot;: 3.70}, {&quot;smiles&quot;: &quot;S(c1ccccc1)c2[nH]cnc3nccc23&quot;, &quot;chemblId&quot;: &quot;CHEMBL360302&quot;, &quot;passesRuleOfThree&quot;: &quot;No&quot;, &quot;molecularWeight&quot;: 227.28, &quot;similarity&quot;: 0.588235294117647, &quot;molecularFormula&quot;: &quot;C12H9N3S&quot;, &quot;acdLogp&quot;: 1.46, &quot;knownDrug&quot;: &quot;No&quot;, &quot;stdInChiKey&quot;: &quot;TUBUPSQEQADRHY-UHFFFAOYSA-N&quot;, &quot;acdLogd&quot;: -0.54, &quot;synonyms&quot;: null, &quot;medChemFriendly&quot;: &quot;Yes&quot;, &quot;rotatableBonds&quot;: 2, &quot;acdBasicPka&quot;: 11.94, &quot;alogp&quot;: 2.34, &quot;preferredCompoundName&quot;: null, &quot;numRo5Violations&quot;: 0, &quot;species&quot;: &quot;BASE&quot;, &quot;acdAcidicPka&quot;: null}, {&quot;smiles&quot;: &quot;c1ccc2c(c1)c3nccc4ccnc2c34&quot;, &quot;chemblId&quot;: &quot;CHEMBL477708&quot;, &quot;passesRuleOfThree&quot;: &quot;Yes&quot;, &quot;molecularWeight&quot;: 204.23, &quot;similarity&quot;: 0.588235294117647, &quot;molecularFormula&quot;: &quot;C14H8N2&quot;, &quot;acdLogp&quot;: 2.97, &quot;knownDrug&quot;: &quot;No&quot;, &quot;stdInChiKey&quot;: &quot;KIVUUVOREYMMFE-UHFFFAOYSA-N&quot;, &quot;acdLogd&quot;: null, &quot;synonyms&quot;: &quot;Eupolauridine&quot;, &quot;medChemFriendly&quot;: &quot;Yes&quot;, &quot;rotatableBonds&quot;: 0, &quot;acdBasicPka&quot;: 4.00, &quot;alogp&quot;: 2.50, &quot;preferredCompoundName&quot;: &quot;EUPOLAURIDINE&quot;, &quot;numRo5Violations&quot;: 0, &quot;species&quot;: &quot;NEUTRAL&quot;, &quot;acdAcidicPka&quot;: null}, {&quot;smiles&quot;: &quot;Nc1nccc(\\C=C\\c2[nH]cnc2c3ccccc3)n1&quot;, &quot;chemblId&quot;: &quot;CHEMBL502279&quot;, &quot;passesRuleOfThree&quot;: &quot;No&quot;, &quot;molecularWeight&quot;: 263.30, &quot;similarity&quot;: 0.583333333333333, &quot;molecularFormula&quot;: &quot;C15H13N5&quot;, &quot;acdLogp&quot;: 1.97, &quot;knownDrug&quot;: &quot;No&quot;, &quot;stdInChiKey&quot;: &quot;ZBOJOJGUEBNBAS-VOTSOKGWSA-N&quot;, &quot;acdLogd&quot;: 1.96, &quot;synonyms&quot;: null, &quot;medChemFriendly&quot;: &quot;Yes&quot;, &quot;rotatableBonds&quot;: 3, &quot;acdBasicPka&quot;: 5.47, &quot;alogp&quot;: 2.37, &quot;preferredCompoundName&quot;: null, &quot;numRo5Violations&quot;: 0, &quot;species&quot;: &quot;NEUTRAL&quot;, &quot;acdAcidicPka&quot;: 12.40}, {&quot;smiles&quot;: &quot;Oc1ccc2c(nccc2n1)c3ccccc3&quot;, &quot;chemblId&quot;: &quot;CHEMBL343895&quot;, &quot;passesRuleOfThree&quot;: &quot;No&quot;, &quot;molecularWeight&quot;: 222.24, &quot;similarity&quot;: 0.583333333333333, &quot;molecularFormula&quot;: &quot;C14H10N2O&quot;, &quot;acdLogp&quot;: 2.20, &quot;knownDrug&quot;: &quot;No&quot;, &quot;stdInChiKey&quot;: &quot;APKKZTGSYROVPP-UHFFFAOYSA-N&quot;, &quot;acdLogd&quot;: 0.81, &quot;synonyms&quot;: null, &quot;medChemFriendly&quot;: &quot;Yes&quot;, &quot;rotatableBonds&quot;: 1, &quot;acdBasicPka&quot;: 10.42, &quot;alogp&quot;: 3.11, &quot;preferredCompoundName&quot;: null, &quot;numRo5Violations&quot;: 0, &quot;species&quot;: &quot;BASE&quot;, &quot;acdAcidicPka&quot;: null}, {&quot;smiles&quot;: &quot;O=C1c2ccccc2c3ncnc(c4ccccc4)c13&quot;, &quot;chemblId&quot;: &quot;CHEMBL241415&quot;, &quot;passesRuleOfThree&quot;: &quot;No&quot;, &quot;molecularWeight&quot;: 258.27, &quot;similarity&quot;: 0.583333333333333, &quot;molecularFormula&quot;: &quot;C17H10N2O&quot;, &quot;acdLogp&quot;: 3.21, &quot;knownDrug&quot;: &quot;No&quot;, &quot;stdInChiKey&quot;: &quot;UNTDCABJEUFVOR-UHFFFAOYSA-N&quot;, &quot;acdLogd&quot;: 3.21, &quot;synonyms&quot;: null, &quot;medChemFriendly&quot;: &quot;Yes&quot;, &quot;rotatableBonds&quot;: 1, &quot;acdBasicPka&quot;: null, &quot;alogp&quot;: 3.52, &quot;preferredCompoundName&quot;: null, &quot;numRo5Violations&quot;: 0, &quot;species&quot;: &quot;NEUTRAL&quot;, &quot;acdAcidicPka&quot;: null}, {&quot;smiles&quot;: &quot;Cc1cc(ccc1F)c2ncnc3[nH]ccc23&quot;, &quot;chemblId&quot;: &quot;CHEMBL1997041&quot;, &quot;passesRuleOfThree&quot;: &quot;No&quot;, &quot;molecularWeight&quot;: 227.24, &quot;similarity&quot;: 0.583333333333333, &quot;molecularFormula&quot;: &quot;C13H10FN3&quot;, &quot;acdLogp&quot;: 2.49, &quot;knownDrug&quot;: &quot;No&quot;, &quot;stdInChiKey&quot;: &quot;LZXPYCSHIFEZMR-UHFFFAOYSA-N&quot;, &quot;acdLogd&quot;: 2.49, &quot;synonyms&quot;: null, &quot;medChemFriendly&quot;: &quot;Yes&quot;, &quot;rotatableBonds&quot;: 1, &quot;acdBasicPka&quot;: 3.94, &quot;alogp&quot;: 3.18, &quot;preferredCompoundName&quot;: null, &quot;numRo5Violations&quot;: 0, &quot;species&quot;: &quot;NEUTRAL&quot;, &quot;acdAcidicPka&quot;: 11.84}, {&quot;smiles&quot;: &quot;c1cnc2c(c1)ccc3cccnc23&quot;, &quot;chemblId&quot;: &quot;CHEMBL415879&quot;, &quot;passesRuleOfThree&quot;: &quot;Yes&quot;, &quot;molecularWeight&quot;: 180.21, &quot;similarity&quot;: 0.575757575757576, &quot;molecularFormula&quot;: &quot;C12H8N2&quot;, &quot;acdLogp&quot;: 2.25, &quot;knownDrug&quot;: &quot;No&quot;, &quot;stdInChiKey&quot;: &quot;DGEZNRSVGBDHLK-UHFFFAOYSA-N&quot;, &quot;acdLogd&quot;: 2.24, &quot;synonyms&quot;: &quot;1,10-Phenanthroline&quot;, &quot;medChemFriendly&quot;: &quot;Yes&quot;, &quot;rotatableBonds&quot;: 0, &quot;acdBasicPka&quot;: 5.16, &quot;alogp&quot;: 2.20, &quot;preferredCompoundName&quot;: &quot;PHENANTHROLINE&quot;, &quot;numRo5Violations&quot;: 0, &quot;species&quot;: &quot;NEUTRAL&quot;, &quot;acdAcidicPka&quot;: null}, {&quot;smiles&quot;: &quot;c1ccc(cc1)c2ncc[nH]2&quot;, &quot;chemblId&quot;: &quot;CHEMBL14189&quot;, &quot;passesRuleOfThree&quot;: &quot;Yes&quot;, &quot;molecularWeight&quot;: 144.17, &quot;similarity&quot;: 0.571428571428571, &quot;molecularFormula&quot;: &quot;C9H8N2&quot;, &quot;acdLogp&quot;: 1.81, &quot;knownDrug&quot;: &quot;No&quot;, &quot;stdInChiKey&quot;: &quot;ZCUJYXPAKHMBAZ-UHFFFAOYSA-N&quot;, &quot;acdLogd&quot;: 1.62, &quot;synonyms&quot;: null, &quot;medChemFriendly&quot;: &quot;Yes&quot;, &quot;rotatableBonds&quot;: 1, &quot;acdBasicPka&quot;: 6.84, &quot;alogp&quot;: 1.64, &quot;preferredCompoundName&quot;: null, &quot;numRo5Violations&quot;: 0, &quot;species&quot;: &quot;NEUTRAL&quot;, &quot;acdAcidicPka&quot;: 13.00}, {&quot;smiles&quot;: &quot;Fc1ccc(cc1)c2nc([nH]c2c3ncnc4[nH]cnc34)c5ccccc5&quot;, &quot;chemblId&quot;: &quot;CHEMBL2179122&quot;, &quot;passesRuleOfThree&quot;: &quot;No&quot;, &quot;molecularWeight&quot;: 356.36, &quot;similarity&quot;: 0.571428571428571, &quot;molecularFormula&quot;: &quot;C20H13FN6&quot;, &quot;acdLogp&quot;: 2.56, &quot;knownDrug&quot;: &quot;No&quot;, &quot;stdInChiKey&quot;: &quot;DGADXHKVMAJZTI-UHFFFAOYSA-N&quot;, &quot;acdLogd&quot;: 1.51, &quot;synonyms&quot;: null, &quot;medChemFriendly&quot;: &quot;Yes&quot;, &quot;rotatableBonds&quot;: 3, &quot;acdBasicPka&quot;: 9.45, &quot;alogp&quot;: 3.97, &quot;preferredCompoundName&quot;: null, &quot;numRo5Violations&quot;: 0, &quot;species&quot;: &quot;BASE&quot;, &quot;acdAcidicPka&quot;: 10.85}, {&quot;smiles&quot;: &quot;ON=C(c1ccccc1)c2nccc3ccccc23&quot;, &quot;chemblId&quot;: &quot;CHEMBL1877798&quot;, &quot;passesRuleOfThree&quot;: &quot;No&quot;, &quot;molecularWeight&quot;: 248.28, &quot;similarity&quot;: 0.571428571428571, &quot;molecularFormula&quot;: &quot;C16H12N2O&quot;, &quot;acdLogp&quot;: 3.88, &quot;knownDrug&quot;: &quot;No&quot;, &quot;stdInChiKey&quot;: &quot;DFSDPCZRFZIRHR-UHFFFAOYSA-N&quot;, &quot;acdLogd&quot;: 3.88, &quot;synonyms&quot;: null, &quot;medChemFriendly&quot;: &quot;No&quot;, &quot;rotatableBonds&quot;: 2, &quot;acdBasicPka&quot;: 2.68, &quot;alogp&quot;: 3.49, &quot;preferredCompoundName&quot;: null, &quot;numRo5Violations&quot;: 0, &quot;species&quot;: &quot;NEUTRAL&quot;, &quot;acdAcidicPka&quot;: 9.40}, {&quot;smiles&quot;: &quot;Nc1ncnc2[nH]nc(c3ccccc3)c12&quot;, &quot;chemblId&quot;: &quot;CHEMBL1241104&quot;, &quot;passesRuleOfThree&quot;: &quot;No&quot;, &quot;molecularWeight&quot;: 211.22, &quot;similarity&quot;: 0.571428571428571, &quot;molecularFormula&quot;: &quot;C11H9N5&quot;, &quot;acdLogp&quot;: 1.27, &quot;knownDrug&quot;: &quot;No&quot;, &quot;stdInChiKey&quot;: &quot;JPWZTNIDHIJKIS-UHFFFAOYSA-N&quot;, &quot;acdLogd&quot;: 1.27, &quot;synonyms&quot;: null, &quot;medChemFriendly&quot;: &quot;Yes&quot;, &quot;rotatableBonds&quot;: 1, &quot;acdBasicPka&quot;: 4.53, &quot;alogp&quot;: 1.63, &quot;preferredCompoundName&quot;: null, &quot;numRo5Violations&quot;: 0, &quot;species&quot;: &quot;NEUTRAL&quot;, &quot;acdAcidicPka&quot;: 10.59}, {&quot;smiles&quot;: &quot;C(ONC=Nc1ncnc2sccc12)c3ccccc3&quot;, &quot;chemblId&quot;: &quot;CHEMBL1599549&quot;, &quot;passesRuleOfThree&quot;: &quot;No&quot;, &quot;molecularWeight&quot;: 284.34, &quot;similarity&quot;: 0.567567567567568, &quot;molecularFormula&quot;: &quot;C14H12N4OS&quot;, &quot;acdLogp&quot;: 1.91, &quot;knownDrug&quot;: &quot;No&quot;, &quot;stdInChiKey&quot;: &quot;BHCGDTYDYBZBJK-UHFFFAOYSA-N&quot;, &quot;acdLogd&quot;: 1.91, &quot;synonyms&quot;: null, &quot;medChemFriendly&quot;: &quot;Yes&quot;, &quot;rotatableBonds&quot;: 5, &quot;acdBasicPka&quot;: 3.18, &quot;alogp&quot;: 2.38, &quot;preferredCompoundName&quot;: null, &quot;numRo5Violations&quot;: 0, &quot;species&quot;: &quot;NEUTRAL&quot;, &quot;acdAcidicPka&quot;: null}, {&quot;smiles&quot;: &quot;c1ccc(cc1)c2[nH]ccc3c4ccccc4nc23&quot;, &quot;chemblId&quot;: &quot;CHEMBL14338&quot;, &quot;passesRuleOfThree&quot;: &quot;No&quot;, &quot;molecularWeight&quot;: 244.29, &quot;similarity&quot;: 0.567567567567568, &quot;molecularFormula&quot;: &quot;C17H12N2&quot;, &quot;acdLogp&quot;: 3.64, &quot;knownDrug&quot;: &quot;No&quot;, &quot;stdInChiKey&quot;: &quot;LFLZVTISXBOMJH-UHFFFAOYSA-N&quot;, &quot;acdLogd&quot;: 1.64, &quot;synonyms&quot;: null, &quot;medChemFriendly&quot;: &quot;Yes&quot;, &quot;rotatableBonds&quot;: 1, &quot;acdBasicPka&quot;: 11.37, &quot;alogp&quot;: 4.26, &quot;preferredCompoundName&quot;: null, &quot;numRo5Violations&quot;: 0, &quot;species&quot;: &quot;BASE&quot;, &quot;acdAcidicPka&quot;: null}, {&quot;smiles&quot;: &quot;OC(=O)c1cccc2cc[nH]c12&quot;, &quot;chemblId&quot;: &quot;CHEMBL2018159&quot;, &quot;passesRuleOfThree&quot;: &quot;Yes&quot;, &quot;molecularWeight&quot;: 161.16, &quot;similarity&quot;: 0.566666666666667, &quot;molecularFormula&quot;: &quot;C9H7NO2&quot;, &quot;acdLogp&quot;: 1.97, &quot;knownDrug&quot;: &quot;No&quot;, &quot;stdInChiKey&quot;: &quot;IPDOBVFESNNYEE-UHFFFAOYSA-N&quot;, &quot;acdLogd&quot;: -0.05, &quot;synonyms&quot;: null, &quot;medChemFriendly&quot;: &quot;Yes&quot;, &quot;rotatableBonds&quot;: 1, &quot;acdBasicPka&quot;: null, &quot;alogp&quot;: 1.75, &quot;preferredCompoundName&quot;: null, &quot;numRo5Violations&quot;: 0, &quot;species&quot;: &quot;ACID&quot;, &quot;acdAcidicPka&quot;: 4.55}, {&quot;smiles&quot;: &quot;NC(=O)c1cccc2cc[nH]c12&quot;, &quot;chemblId&quot;: &quot;CHEMBL1688213&quot;, &quot;passesRuleOfThree&quot;: &quot;Yes&quot;, &quot;molecularWeight&quot;: 160.17, &quot;similarity&quot;: 0.566666666666667, &quot;molecularFormula&quot;: &quot;C9H8N2O&quot;, &quot;acdLogp&quot;: 2.90, &quot;knownDrug&quot;: &quot;No&quot;, &quot;stdInChiKey&quot;: &quot;OXCXIABGNNQZOF-UHFFFAOYSA-N&quot;, &quot;acdLogd&quot;: 2.90, &quot;synonyms&quot;: null, &quot;medChemFriendly&quot;: &quot;Yes&quot;, &quot;rotatableBonds&quot;: 1, &quot;acdBasicPka&quot;: null, &quot;alogp&quot;: 1.13, &quot;preferredCompoundName&quot;: null, &quot;numRo5Violations&quot;: 0, &quot;species&quot;: &quot;NEUTRAL&quot;, &quot;acdAcidicPka&quot;: null}, {&quot;smiles&quot;: &quot;Clc1ccc(cc1)c2nc(c3ccccc3)c4[nH]cnc4n2&quot;, &quot;chemblId&quot;: &quot;CHEMBL205586&quot;, &quot;passesRuleOfThree&quot;: &quot;No&quot;, &quot;molecularWeight&quot;: 306.75, &quot;similarity&quot;: 0.564102564102564, &quot;molecularFormula&quot;: &quot;C17H11ClN4&quot;, &quot;acdLogp&quot;: 5.17, &quot;knownDrug&quot;: &quot;No&quot;, &quot;stdInChiKey&quot;: &quot;FPWZFVSRIINTRB-UHFFFAOYSA-N&quot;, &quot;acdLogd&quot;: 5.16, &quot;synonyms&quot;: null, &quot;medChemFriendly&quot;: &quot;Yes&quot;, &quot;rotatableBonds&quot;: 2, &quot;acdBasicPka&quot;: 1.44, &quot;alogp&quot;: 3.99, &quot;preferredCompoundName&quot;: null, &quot;numRo5Violations&quot;: 0, &quot;species&quot;: &quot;NEUTRAL&quot;, &quot;acdAcidicPka&quot;: 8.96}, {&quot;smiles&quot;: &quot;Cc1ccnc2c1ccc3ccccc23&quot;, &quot;chemblId&quot;: &quot;CHEMBL1734111&quot;, &quot;passesRuleOfThree&quot;: &quot;No&quot;, &quot;molecularWeight&quot;: 193.24, &quot;similarity&quot;: 0.558823529411765, &quot;molecularFormula&quot;: &quot;C14H11N&quot;, &quot;acdLogp&quot;: 3.91, &quot;knownDrug&quot;: &quot;No&quot;, &quot;stdInChiKey&quot;: &quot;RYLSMBLMTHOIEW-UHFFFAOYSA-N&quot;, &quot;acdLogd&quot;: 3.91, &quot;synonyms&quot;: null, &quot;medChemFriendly&quot;: &quot;Yes&quot;, &quot;rotatableBonds&quot;: 0, &quot;acdBasicPka&quot;: 5.38, &quot;alogp&quot;: 3.41, &quot;preferredCompoundName&quot;: null, &quot;numRo5Violations&quot;: 0, &quot;species&quot;: &quot;NEUTRAL&quot;, &quot;acdAcidicPka&quot;: null}, {&quot;smiles&quot;: &quot;O=C1NC=Nc2c1ccc3ccccc23&quot;, &quot;chemblId&quot;: &quot;CHEMBL499777&quot;, &quot;passesRuleOfThree&quot;: &quot;Yes&quot;, &quot;molecularWeight&quot;: 196.20, &quot;similarity&quot;: 0.558823529411765, &quot;molecularFormula&quot;: &quot;C12H8N2O&quot;, &quot;acdLogp&quot;: 1.65, &quot;knownDrug&quot;: &quot;No&quot;, &quot;stdInChiKey&quot;: &quot;BJVYARVTSUNBMW-UHFFFAOYSA-N&quot;, &quot;acdLogd&quot;: null, &quot;synonyms&quot;: &quot;Samoquasine A&quot;, &quot;medChemFriendly&quot;: &quot;Yes&quot;, &quot;rotatableBonds&quot;: 0, &quot;acdBasicPka&quot;: null, &quot;alogp&quot;: 1.66, &quot;preferredCompoundName&quot;: &quot;SAMOQUASINE A&quot;, &quot;numRo5Violations&quot;: 0, &quot;species&quot;: &quot;NEUTRAL&quot;, &quot;acdAcidicPka&quot;: 11.04}, {&quot;smiles&quot;: &quot;O=C(Nc1ccccc1)Nc2ccc(cc2)c3ccnc4[nH]cnc34&quot;, &quot;chemblId&quot;: &quot;CHEMBL1951326&quot;, &quot;passesRuleOfThree&quot;: &quot;No&quot;, &quot;molecularWeight&quot;: 329.36, &quot;similarity&quot;: 0.558139534883721, &quot;molecularFormula&quot;: &quot;C19H15N5O&quot;, &quot;acdLogp&quot;: 3.50, &quot;knownDrug&quot;: &quot;No&quot;, &quot;stdInChiKey&quot;: &quot;DQTWQNOOTFOMSH-UHFFFAOYSA-N&quot;, &quot;acdLogd&quot;: 3.48, &quot;synonyms&quot;: null, &quot;medChemFriendly&quot;: &quot;Yes&quot;, &quot;rotatableBonds&quot;: 3, &quot;acdBasicPka&quot;: 5.76, &quot;alogp&quot;: 2.61, &quot;preferredCompoundName&quot;: null, &quot;numRo5Violations&quot;: 0, &quot;species&quot;: &quot;NEUTRAL&quot;, &quot;acdAcidicPka&quot;: 9.12}, {&quot;smiles&quot;: &quot;O=C1NC=Nc2[nH]nc(c3ccccc3)c12&quot;, &quot;chemblId&quot;: &quot;CHEMBL2432026&quot;, &quot;passesRuleOfThree&quot;: &quot;No&quot;, &quot;molecularWeight&quot;: 212.21, &quot;similarity&quot;: 0.555555555555556, &quot;molecularFormula&quot;: &quot;C11H8N4O&quot;, &quot;acdLogp&quot;: 1.95, &quot;knownDrug&quot;: &quot;No&quot;, &quot;stdInChiKey&quot;: &quot;KCPLJPHQKPGNHT-UHFFFAOYSA-N&quot;, &quot;acdLogd&quot;: 1.94, &quot;synonyms&quot;: null, &quot;medChemFriendly&quot;: &quot;Yes&quot;, &quot;rotatableBonds&quot;: 1, &quot;acdBasicPka&quot;: 0.79, &quot;alogp&quot;: 1.27, &quot;preferredCompoundName&quot;: null, &quot;numRo5Violations&quot;: 0, &quot;species&quot;: &quot;NEUTRAL&quot;, &quot;acdAcidicPka&quot;: 8.93}, {&quot;smiles&quot;: &quot;NC(c1ccccc1)c2ccc(cc2)c3ncnc4[nH]cnc34&quot;, &quot;chemblId&quot;: &quot;CHEMBL389176&quot;, &quot;passesRuleOfThree&quot;: &quot;No&quot;, &quot;molecularWeight&quot;: 301.35, &quot;similarity&quot;: 0.55, &quot;molecularFormula&quot;: &quot;C18H15N5&quot;, &quot;acdLogp&quot;: 2.37, &quot;knownDrug&quot;: &quot;No&quot;, &quot;stdInChiKey&quot;: &quot;CWHMAWBXRCDOEB-UHFFFAOYSA-N&quot;, &quot;acdLogd&quot;: 2.01, &quot;synonyms&quot;: null, &quot;medChemFriendly&quot;: &quot;Yes&quot;, &quot;rotatableBonds&quot;: 3, &quot;acdBasicPka&quot;: 7.53, &quot;alogp&quot;: 2.43, &quot;preferredCompoundName&quot;: null, &quot;numRo5Violations&quot;: 0, &quot;species&quot;: &quot;NEUTRAL&quot;, &quot;acdAcidicPka&quot;: 9.11}, {&quot;smiles&quot;: &quot;OC(=O)c1ccccc1c2ncc[nH]2&quot;, &quot;chemblId&quot;: &quot;CHEMBL556097&quot;, &quot;passesRuleOfThree&quot;: &quot;No&quot;, &quot;molecularWeight&quot;: 188.18, &quot;similarity&quot;: 0.545454545454545, &quot;molecularFormula&quot;: &quot;C10H8N2O2&quot;, &quot;acdLogp&quot;: 0.62, &quot;knownDrug&quot;: &quot;No&quot;, &quot;stdInChiKey&quot;: &quot;FUEMPHNPKCZCQE-UHFFFAOYSA-N&quot;, &quot;acdLogd&quot;: -2.07, &quot;synonyms&quot;: null, &quot;medChemFriendly&quot;: &quot;Yes&quot;, &quot;rotatableBonds&quot;: 2, &quot;acdBasicPka&quot;: 7.20, &quot;alogp&quot;: 1.27, &quot;preferredCompoundName&quot;: null, &quot;numRo5Violations&quot;: 0, &quot;species&quot;: &quot;ACID&quot;, &quot;acdAcidicPka&quot;: 3.04}, {&quot;smiles&quot;: &quot;NC(=O)c1ccccc1c2ncc[nH]2&quot;, &quot;chemblId&quot;: &quot;CHEMBL1989624&quot;, &quot;passesRuleOfThree&quot;: &quot;No&quot;, &quot;molecularWeight&quot;: 187.20, &quot;similarity&quot;: 0.545454545454545, &quot;molecularFormula&quot;: &quot;C10H9N3O&quot;, &quot;acdLogp&quot;: -0.35, &quot;knownDrug&quot;: &quot;No&quot;, &quot;stdInChiKey&quot;: &quot;ZWCBZONYJSNCKK-UHFFFAOYSA-N&quot;, &quot;acdLogd&quot;: -0.41, &quot;synonyms&quot;: null, &quot;medChemFriendly&quot;: &quot;Yes&quot;, &quot;rotatableBonds&quot;: 2, &quot;acdBasicPka&quot;: 6.30, &quot;alogp&quot;: 0.64, &quot;preferredCompoundName&quot;: null, &quot;numRo5Violations&quot;: 0, &quot;species&quot;: &quot;NEUTRAL&quot;, &quot;acdAcidicPka&quot;: 12.52}, {&quot;smiles&quot;: &quot;C(=C\\c1[nH]cnc2ncnc12)/c3ccccc3&quot;, &quot;chemblId&quot;: &quot;CHEMBL172039&quot;, &quot;passesRuleOfThree&quot;: &quot;Yes&quot;, &quot;molecularWeight&quot;: 222.25, &quot;similarity&quot;: 0.545454545454545, &quot;molecularFormula&quot;: &quot;C13H10N4&quot;, &quot;acdLogp&quot;: 0.64, &quot;knownDrug&quot;: &quot;No&quot;, &quot;stdInChiKey&quot;: &quot;IOJAMIUGZRIQGH-VOTSOKGWSA-N&quot;, &quot;acdLogd&quot;: -0.60, &quot;synonyms&quot;: null, &quot;medChemFriendly&quot;: &quot;Yes&quot;, &quot;rotatableBonds&quot;: 2, &quot;acdBasicPka&quot;: 8.88, &quot;alogp&quot;: 2.18, &quot;preferredCompoundName&quot;: null, &quot;numRo5Violations&quot;: 0, &quot;species&quot;: &quot;BASE&quot;, &quot;acdAcidicPka&quot;: null}, {&quot;smiles&quot;: &quot;Nc1nc2c(nccc2[nH]1)c3ccccc3&quot;, &quot;chemblId&quot;: &quot;CHEMBL2153267&quot;, &quot;passesRuleOfThree&quot;: &quot;No&quot;, &quot;molecularWeight&quot;: 210.23, &quot;similarity&quot;: 0.542857142857143, &quot;molecularFormula&quot;: &quot;C12H10N4&quot;, &quot;acdLogp&quot;: 2.48, &quot;knownDrug&quot;: &quot;No&quot;, &quot;stdInChiKey&quot;: &quot;FPXFUSUCOYNPNT-UHFFFAOYSA-N&quot;, &quot;acdLogd&quot;: 0.72, &quot;synonyms&quot;: null, &quot;medChemFriendly&quot;: &quot;Yes&quot;, &quot;rotatableBonds&quot;: 1, &quot;acdBasicPka&quot;: 8.96, &quot;alogp&quot;: 1.94, &quot;preferredCompoundName&quot;: null, &quot;numRo5Violations&quot;: 0, &quot;species&quot;: &quot;BASE&quot;, &quot;acdAcidicPka&quot;: 13.87}, {&quot;smiles&quot;: &quot;Nc1ncnc2[nH]c(nc12)c3ccccc3&quot;, &quot;chemblId&quot;: &quot;CHEMBL65276&quot;, &quot;passesRuleOfThree&quot;: &quot;No&quot;, &quot;molecularWeight&quot;: 211.22, &quot;similarity&quot;: 0.542857142857143, &quot;molecularFormula&quot;: &quot;C11H9N5&quot;, &quot;acdLogp&quot;: 2.31, &quot;knownDrug&quot;: &quot;No&quot;, &quot;stdInChiKey&quot;: &quot;KFMQOHDPKOQCMU-UHFFFAOYSA-N&quot;, &quot;acdLogd&quot;: 2.30, &quot;synonyms&quot;: null, &quot;medChemFriendly&quot;: &quot;Yes&quot;, &quot;rotatableBonds&quot;: 1, &quot;acdBasicPka&quot;: 4.16, &quot;alogp&quot;: 1.48, &quot;preferredCompoundName&quot;: null, &quot;numRo5Violations&quot;: 0, &quot;species&quot;: &quot;NEUTRAL&quot;, &quot;acdAcidicPka&quot;: 9.00}, {&quot;smiles&quot;: &quot;Nc1cc[nH]c2nc(nc12)c3ccccc3&quot;, &quot;chemblId&quot;: &quot;CHEMBL65449&quot;, &quot;passesRuleOfThree&quot;: &quot;No&quot;, &quot;molecularWeight&quot;: 210.23, &quot;similarity&quot;: 0.542857142857143, &quot;molecularFormula&quot;: &quot;C12H10N4&quot;, &quot;acdLogp&quot;: 0.31, &quot;knownDrug&quot;: &quot;No&quot;, &quot;stdInChiKey&quot;: &quot;VUVLESWQADHVCF-UHFFFAOYSA-N&quot;, &quot;acdLogd&quot;: 0.02, &quot;synonyms&quot;: null, &quot;medChemFriendly&quot;: &quot;Yes&quot;, &quot;rotatableBonds&quot;: 1, &quot;acdBasicPka&quot;: 8.07, &quot;alogp&quot;: 1.85, &quot;preferredCompoundName&quot;: null, &quot;numRo5Violations&quot;: 0, &quot;species&quot;: &quot;NEUTRAL&quot;, &quot;acdAcidicPka&quot;: null}, {&quot;smiles&quot;: &quot;Cc1nc(nc2nccc(O)c12)c3ccccc3&quot;, &quot;chemblId&quot;: &quot;CHEMBL1412413&quot;, &quot;passesRuleOfThree&quot;: &quot;No&quot;, &quot;molecularWeight&quot;: 237.26, &quot;similarity&quot;: 0.540540540540541, &quot;molecularFormula&quot;: &quot;C14H11N3O&quot;, &quot;acdLogp&quot;: 2.18, &quot;knownDrug&quot;: &quot;No&quot;, &quot;stdInChiKey&quot;: &quot;ZMDLLACOSQTUKG-UHFFFAOYSA-N&quot;, &quot;acdLogd&quot;: -0.30, &quot;synonyms&quot;: null, &quot;medChemFriendly&quot;: &quot;Yes&quot;, &quot;rotatableBonds&quot;: 1, &quot;acdBasicPka&quot;: 7.36, &quot;alogp&quot;: 2.09, &quot;preferredCompoundName&quot;: null, &quot;numRo5Violations&quot;: 0, &quot;species&quot;: &quot;ACID&quot;, &quot;acdAcidicPka&quot;: 2.10}, {&quot;smiles&quot;: &quot;c1ccc(cc1)c2cc[nH]c3c4ccccc4nc23&quot;, &quot;chemblId&quot;: &quot;CHEMBL174748&quot;, &quot;passesRuleOfThree&quot;: &quot;No&quot;, &quot;molecularWeight&quot;: 244.29, &quot;similarity&quot;: 0.540540540540541, &quot;molecularFormula&quot;: &quot;C17H12N2&quot;, &quot;acdLogp&quot;: 4.08, &quot;knownDrug&quot;: &quot;No&quot;, &quot;stdInChiKey&quot;: &quot;TWLOUIBZYLDLKV-UHFFFAOYSA-N&quot;, &quot;acdLogd&quot;: 2.08, &quot;synonyms&quot;: null, &quot;medChemFriendly&quot;: &quot;Yes&quot;, &quot;rotatableBonds&quot;: 1, &quot;acdBasicPka&quot;: 12.01, &quot;alogp&quot;: 4.26, &quot;preferredCompoundName&quot;: null, &quot;numRo5Violations&quot;: 0, &quot;species&quot;: &quot;BASE&quot;, &quot;acdAcidicPka&quot;: null}, {&quot;smiles&quot;: &quot;c1ccc2c(c1)[nH]c3c2ccc4cc[nH]c34&quot;, &quot;chemblId&quot;: &quot;CHEMBL584980&quot;, &quot;passesRuleOfThree&quot;: &quot;No&quot;, &quot;molecularWeight&quot;: 206.24, &quot;similarity&quot;: 0.540540540540541, &quot;molecularFormula&quot;: &quot;C14H10N2&quot;, &quot;acdLogp&quot;: 4.17, &quot;knownDrug&quot;: &quot;No&quot;, &quot;stdInChiKey&quot;: &quot;BPHGZSRGCZJRGO-UHFFFAOYSA-N&quot;, &quot;acdLogd&quot;: 4.17, &quot;synonyms&quot;: &quot;1,10-Dihydropyrrolo[2,3-A]Carbazole&quot;, &quot;medChemFriendly&quot;: &quot;Yes&quot;, &quot;rotatableBonds&quot;: 0, &quot;acdBasicPka&quot;: null, &quot;alogp&quot;: 3.62, &quot;preferredCompoundName&quot;: null, &quot;numRo5Violations&quot;: 0, &quot;species&quot;: &quot;NEUTRAL&quot;, &quot;acdAcidicPka&quot;: null}, {&quot;smiles&quot;: &quot;COc1ncnc(c2ccccc2)c1c3ccccc3&quot;, &quot;chemblId&quot;: &quot;CHEMBL1890019&quot;, &quot;passesRuleOfThree&quot;: &quot;No&quot;, &quot;molecularWeight&quot;: 262.31, &quot;similarity&quot;: 0.540540540540541, &quot;molecularFormula&quot;: &quot;C17H14N2O&quot;, &quot;acdLogp&quot;: 2.41, &quot;knownDrug&quot;: &quot;No&quot;, &quot;stdInChiKey&quot;: &quot;IBIGWFKKFUCUSC-UHFFFAOYSA-N&quot;, &quot;acdLogd&quot;: 2.41, &quot;synonyms&quot;: null, &quot;medChemFriendly&quot;: &quot;Yes&quot;, &quot;rotatableBonds&quot;: 3, &quot;acdBasicPka&quot;: 2.01, &quot;alogp&quot;: 4.04, &quot;preferredCompoundName&quot;: null, &quot;numRo5Violations&quot;: 0, &quot;species&quot;: &quot;NEUTRAL&quot;, &quot;acdAcidicPka&quot;: null}, {&quot;smiles&quot;: &quot;c1ccc(cc1)c2nnsc2c3ncc[nH]3&quot;, &quot;chemblId&quot;: &quot;CHEMBL1866166&quot;, &quot;passesRuleOfThree&quot;: &quot;No&quot;, &quot;molecularWeight&quot;: 228.27, &quot;similarity&quot;: 0.540540540540541, &quot;molecularFormula&quot;: &quot;C11H8N4S&quot;, &quot;acdLogp&quot;: 2.57, &quot;knownDrug&quot;: &quot;No&quot;, &quot;stdInChiKey&quot;: &quot;ONWBNXDBHIXIGG-UHFFFAOYSA-N&quot;, &quot;acdLogd&quot;: 2.57, &quot;synonyms&quot;: null, &quot;medChemFriendly&quot;: &quot;Yes&quot;, &quot;rotatableBonds&quot;: 2, &quot;acdBasicPka&quot;: 3.69, &quot;alogp&quot;: 2.43, &quot;preferredCompoundName&quot;: null, &quot;numRo5Violations&quot;: 0, &quot;species&quot;: &quot;NEUTRAL&quot;, &quot;acdAcidicPka&quot;: 10.91}, {&quot;smiles&quot;: &quot;O=C1NC=Cc2c(NCc3ccccc3)ncnc12&quot;, &quot;chemblId&quot;: &quot;CHEMBL2436956&quot;, &quot;passesRuleOfThree&quot;: &quot;No&quot;, &quot;molecularWeight&quot;: 252.27, &quot;similarity&quot;: 0.538461538461538, &quot;molecularFormula&quot;: &quot;C14H12N4O&quot;, &quot;acdLogp&quot;: 2.93, &quot;knownDrug&quot;: &quot;No&quot;, &quot;stdInChiKey&quot;: &quot;OBEFENCSQOARKY-UHFFFAOYSA-N&quot;, &quot;acdLogd&quot;: 2.93, &quot;synonyms&quot;: null, &quot;medChemFriendly&quot;: &quot;No&quot;, &quot;rotatableBonds&quot;: 3, &quot;acdBasicPka&quot;: 2.54, &quot;alogp&quot;: 1.31, &quot;preferredCompoundName&quot;: null, &quot;numRo5Violations&quot;: 0, &quot;species&quot;: &quot;NEUTRAL&quot;, &quot;acdAcidicPka&quot;: 10.20}, {&quot;smiles&quot;: &quot;COc1ccc(cc1)c2nc(c3ccccc3)c4[nH]cnc4n2&quot;, &quot;chemblId&quot;: &quot;CHEMBL207760&quot;, &quot;passesRuleOfThree&quot;: &quot;No&quot;, &quot;molecularWeight&quot;: 302.33, &quot;similarity&quot;: 0.536585365853659, &quot;molecularFormula&quot;: &quot;C18H14N4O&quot;, &quot;acdLogp&quot;: 4.32, &quot;knownDrug&quot;: &quot;No&quot;, &quot;stdInChiKey&quot;: &quot;COPIEKYOHOQDKK-UHFFFAOYSA-N&quot;, &quot;acdLogd&quot;: 4.31, &quot;synonyms&quot;: null, &quot;medChemFriendly&quot;: &quot;Yes&quot;, &quot;rotatableBonds&quot;: 3, &quot;acdBasicPka&quot;: 2.13, &quot;alogp&quot;: 3.31, &quot;preferredCompoundName&quot;: null, &quot;numRo5Violations&quot;: 0, &quot;species&quot;: &quot;NEUTRAL&quot;, &quot;acdAcidicPka&quot;: 9.16}, {&quot;smiles&quot;: &quot;NC(Cc1ccccc1)c2ccc(cc2)c3ncnc4[nH]cnc34&quot;, &quot;chemblId&quot;: &quot;CHEMBL227605&quot;, &quot;passesRuleOfThree&quot;: &quot;No&quot;, &quot;molecularWeight&quot;: 315.37, &quot;similarity&quot;: 0.536585365853659, &quot;molecularFormula&quot;: &quot;C19H17N5&quot;, &quot;acdLogp&quot;: 2.47, &quot;knownDrug&quot;: &quot;No&quot;, &quot;stdInChiKey&quot;: &quot;HJFKANRRGGLIMD-UHFFFAOYSA-N&quot;, &quot;acdLogd&quot;: 1.71, &quot;synonyms&quot;: null, &quot;medChemFriendly&quot;: &quot;Yes&quot;, &quot;rotatableBonds&quot;: 4, &quot;acdBasicPka&quot;: 8.07, &quot;alogp&quot;: 2.75, &quot;preferredCompoundName&quot;: null, &quot;numRo5Violations&quot;: 0, &quot;species&quot;: &quot;NEUTRAL&quot;, &quot;acdAcidicPka&quot;: 9.14}, {&quot;smiles&quot;: &quot;Oc1ncnc2nc(c3ccccc3)c(nc12)c4ccccc4&quot;, &quot;chemblId&quot;: &quot;CHEMBL182786&quot;, &quot;passesRuleOfThree&quot;: &quot;No&quot;, &quot;molecularWeight&quot;: 300.31, &quot;similarity&quot;: 0.536585365853659, &quot;molecularFormula&quot;: &quot;C18H12N4O&quot;, &quot;acdLogp&quot;: 3.92, &quot;knownDrug&quot;: &quot;No&quot;, &quot;stdInChiKey&quot;: &quot;UMUYUDSQRKTBKA-UHFFFAOYSA-N&quot;, &quot;acdLogd&quot;: 1.32, &quot;synonyms&quot;: null, &quot;medChemFriendly&quot;: &quot;Yes&quot;, &quot;rotatableBonds&quot;: 2, &quot;acdBasicPka&quot;: 7.44, &quot;alogp&quot;: 3.90, &quot;preferredCompoundName&quot;: null, &quot;numRo5Violations&quot;: 0, &quot;species&quot;: &quot;ACID&quot;, &quot;acdAcidicPka&quot;: 0.32}, {&quot;smiles&quot;: &quot;OC(=O)c1nccc2ccccc12&quot;, &quot;chemblId&quot;: &quot;CHEMBL1650606&quot;, &quot;passesRuleOfThree&quot;: &quot;Yes&quot;, &quot;molecularWeight&quot;: 173.17, &quot;similarity&quot;: 0.53125, &quot;molecularFormula&quot;: &quot;C10H7NO2&quot;, &quot;acdLogp&quot;: 1.42, &quot;knownDrug&quot;: &quot;No&quot;, &quot;stdInChiKey&quot;: &quot;XAAKCCMYRKZRAK-UHFFFAOYSA-N&quot;, &quot;acdLogd&quot;: -1.67, &quot;synonyms&quot;: &quot;Isoquinoline-1-carboxylic acid&quot;, &quot;medChemFriendly&quot;: &quot;Yes&quot;, &quot;rotatableBonds&quot;: 1, &quot;acdBasicPka&quot;: 6.08, &quot;alogp&quot;: 1.65, &quot;preferredCompoundName&quot;: null, &quot;numRo5Violations&quot;: 0, &quot;species&quot;: &quot;ACID&quot;, &quot;acdAcidicPka&quot;: 1.09}, {&quot;smiles&quot;: &quot;NC(=O)c1nccc2ccccc12&quot;, &quot;chemblId&quot;: &quot;CHEMBL1874587&quot;, &quot;passesRuleOfThree&quot;: &quot;Yes&quot;, &quot;molecularWeight&quot;: 172.18, &quot;similarity&quot;: 0.53125, &quot;molecularFormula&quot;: &quot;C10H8N2O&quot;, &quot;acdLogp&quot;: 1.09, &quot;knownDrug&quot;: &quot;No&quot;, &quot;stdInChiKey&quot;: &quot;YZDXFUGIDTUCDA-UHFFFAOYSA-N&quot;, &quot;acdLogd&quot;: 1.09, &quot;synonyms&quot;: null, &quot;medChemFriendly&quot;: &quot;Yes&quot;, &quot;rotatableBonds&quot;: 1, &quot;acdBasicPka&quot;: 2.29, &quot;alogp&quot;: 1.02, &quot;preferredCompoundName&quot;: null, &quot;numRo5Violations&quot;: 0, &quot;species&quot;: &quot;NEUTRAL&quot;, &quot;acdAcidicPka&quot;: null}, {&quot;smiles&quot;: &quot;O=C(c1ccccc1)c2ncc[nH]2&quot;, &quot;chemblId&quot;: &quot;CHEMBL1712288&quot;, &quot;passesRuleOfThree&quot;: &quot;Yes&quot;, &quot;molecularWeight&quot;: 172.18, &quot;similarity&quot;: 0.53125, &quot;molecularFormula&quot;: &quot;C10H8N2O&quot;, &quot;acdLogp&quot;: 1.50, &quot;knownDrug&quot;: &quot;No&quot;, &quot;stdInChiKey&quot;: &quot;JUVDEAXMLQQRFP-UHFFFAOYSA-N&quot;, &quot;acdLogd&quot;: 1.50, &quot;synonyms&quot;: null, &quot;medChemFriendly&quot;: &quot;Yes&quot;, &quot;rotatableBonds&quot;: 2, &quot;acdBasicPka&quot;: 2.69, &quot;alogp&quot;: 1.53, &quot;preferredCompoundName&quot;: null, &quot;numRo5Violations&quot;: 0, &quot;species&quot;: &quot;NEUTRAL&quot;, &quot;acdAcidicPka&quot;: 11.32}, {&quot;smiles&quot;: &quot;c1cnc2c(c1)ccc3ncccc23&quot;, &quot;chemblId&quot;: &quot;CHEMBL1529707&quot;, &quot;passesRuleOfThree&quot;: &quot;Yes&quot;, &quot;molecularWeight&quot;: 180.21, &quot;similarity&quot;: 0.529411764705882, &quot;molecularFormula&quot;: &quot;C12H8N2&quot;, &quot;acdLogp&quot;: 2.51, &quot;knownDrug&quot;: &quot;No&quot;, &quot;stdInChiKey&quot;: &quot;OZKOMUDCMCEDTM-UHFFFAOYSA-N&quot;, &quot;acdLogd&quot;: 2.51, &quot;synonyms&quot;: null, &quot;medChemFriendly&quot;: &quot;Yes&quot;, &quot;rotatableBonds&quot;: 0, &quot;acdBasicPka&quot;: 4.00, &quot;alogp&quot;: 2.20, &quot;preferredCompoundName&quot;: null, &quot;numRo5Violations&quot;: 0, &quot;species&quot;: &quot;NEUTRAL&quot;, &quot;acdAcidicPka&quot;: null}, {&quot;smiles&quot;: &quot;O=C(c1ccccc1)c2nccc3ccccc23&quot;, &quot;chemblId&quot;: &quot;CHEMBL553669&quot;, &quot;passesRuleOfThree&quot;: &quot;No&quot;, &quot;molecularWeight&quot;: 233.26, &quot;similarity&quot;: 0.527777777777778, &quot;molecularFormula&quot;: &quot;C16H11NO&quot;, &quot;acdLogp&quot;: 3.21, &quot;knownDrug&quot;: &quot;No&quot;, &quot;stdInChiKey&quot;: &quot;MDWCIKACMBMJFA-UHFFFAOYSA-N&quot;, &quot;acdLogd&quot;: 3.21, &quot;synonyms&quot;: null, &quot;medChemFriendly&quot;: &quot;Yes&quot;, &quot;rotatableBonds&quot;: 2, &quot;acdBasicPka&quot;: 1.89, &quot;alogp&quot;: 3.42, &quot;preferredCompoundName&quot;: null, &quot;numRo5Violations&quot;: 0, &quot;species&quot;: &quot;NEUTRAL&quot;, &quot;acdAcidicPka&quot;: null}, {&quot;smiles&quot;: &quot;Fc1ccc(cc1)c2nc[nH]c2c3ccncc3&quot;, &quot;chemblId&quot;: &quot;CHEMBL63135&quot;, &quot;passesRuleOfThree&quot;: &quot;Yes&quot;, &quot;molecularWeight&quot;: 239.25, &quot;similarity&quot;: 0.527777777777778, &quot;molecularFormula&quot;: &quot;C14H10FN3&quot;, &quot;acdLogp&quot;: 1.84, &quot;knownDrug&quot;: &quot;No&quot;, &quot;stdInChiKey&quot;: &quot;MAOSUPNJVJGJEU-UHFFFAOYSA-N&quot;, &quot;acdLogd&quot;: 1.84, &quot;synonyms&quot;: null, &quot;medChemFriendly&quot;: &quot;Yes&quot;, &quot;rotatableBonds&quot;: 2, &quot;acdBasicPka&quot;: 4.69, &quot;alogp&quot;: 2.53, &quot;preferredCompoundName&quot;: null, &quot;numRo5Violations&quot;: 0, &quot;species&quot;: &quot;NEUTRAL&quot;, &quot;acdAcidicPka&quot;: 11.11}, {&quot;smiles&quot;: &quot;N(c1ccccc1)c2ccnc3[nH]ccc23&quot;, &quot;chemblId&quot;: &quot;CHEMBL228844&quot;, &quot;passesRuleOfThree&quot;: &quot;Yes&quot;, &quot;molecularWeight&quot;: 209.25, &quot;similarity&quot;: 0.527777777777778, &quot;molecularFormula&quot;: &quot;C13H11N3&quot;, &quot;acdLogp&quot;: 2.66, &quot;knownDrug&quot;: &quot;No&quot;, &quot;stdInChiKey&quot;: &quot;MMEAUOAUHWEMJV-UHFFFAOYSA-N&quot;, &quot;acdLogd&quot;: 2.54, &quot;synonyms&quot;: null, &quot;medChemFriendly&quot;: &quot;Yes&quot;, &quot;rotatableBonds&quot;: 2, &quot;acdBasicPka&quot;: 8.85, &quot;alogp&quot;: 2.72, &quot;preferredCompoundName&quot;: null, &quot;numRo5Violations&quot;: 0, &quot;species&quot;: &quot;BASE&quot;, &quot;acdAcidicPka&quot;: null}, {&quot;smiles&quot;: &quot;CN(C)c1ncnc2[nH]c(nc12)c3ccccc3&quot;, &quot;chemblId&quot;: &quot;CHEMBL1210172&quot;, &quot;passesRuleOfThree&quot;: &quot;No&quot;, &quot;molecularWeight&quot;: 239.28, &quot;similarity&quot;: 0.526315789473684, &quot;molecularFormula&quot;: &quot;C13H13N5&quot;, &quot;acdLogp&quot;: 2.80, &quot;knownDrug&quot;: &quot;No&quot;, &quot;stdInChiKey&quot;: &quot;IQPNFFXSABWVQV-UHFFFAOYSA-N&quot;, &quot;acdLogd&quot;: 2.79, &quot;synonyms&quot;: null, &quot;medChemFriendly&quot;: &quot;Yes&quot;, &quot;rotatableBonds&quot;: 2, &quot;acdBasicPka&quot;: 4.11, &quot;alogp&quot;: 2.39, &quot;preferredCompoundName&quot;: null, &quot;numRo5Violations&quot;: 0, &quot;species&quot;: &quot;NEUTRAL&quot;, &quot;acdAcidicPka&quot;: 9.01}, {&quot;smiles&quot;: &quot;NC(=N)Nc1c([nH]c2ncccc12)c3ccccc3&quot;, &quot;chemblId&quot;: &quot;CHEMBL242059&quot;, &quot;passesRuleOfThree&quot;: &quot;No&quot;, &quot;molecularWeight&quot;: 251.29, &quot;similarity&quot;: 0.526315789473684, &quot;molecularFormula&quot;: &quot;C14H13N5&quot;, &quot;acdLogp&quot;: 0.74, &quot;knownDrug&quot;: &quot;No&quot;, &quot;stdInChiKey&quot;: &quot;QUMBHWVNZMWOGC-UHFFFAOYSA-N&quot;, &quot;acdLogd&quot;: -1.17, &quot;synonyms&quot;: null, &quot;medChemFriendly&quot;: &quot;Yes&quot;, &quot;rotatableBonds&quot;: 3, &quot;acdBasicPka&quot;: 10.32, &quot;alogp&quot;: 1.95, &quot;preferredCompoundName&quot;: null, &quot;numRo5Violations&quot;: 0, &quot;species&quot;: &quot;BASE&quot;, &quot;acdAcidicPka&quot;: 13.49}, {&quot;smiles&quot;: &quot;Cn1cnc2c(ncnc12)c3ccccc3&quot;, &quot;chemblId&quot;: &quot;CHEMBL179217&quot;, &quot;passesRuleOfThree&quot;: &quot;Yes&quot;, &quot;molecularWeight&quot;: 210.23, &quot;similarity&quot;: 0.526315789473684, &quot;molecularFormula&quot;: &quot;C12H10N4&quot;, &quot;acdLogp&quot;: 1.57, &quot;knownDrug&quot;: &quot;No&quot;, &quot;stdInChiKey&quot;: &quot;CIJNHAUMIFXVIS-UHFFFAOYSA-N&quot;, &quot;acdLogd&quot;: 1.57, &quot;synonyms&quot;: null, &quot;medChemFriendly&quot;: &quot;Yes&quot;, &quot;rotatableBonds&quot;: 1, &quot;acdBasicPka&quot;: 2.42, &quot;alogp&quot;: 1.92, &quot;preferredCompoundName&quot;: null, &quot;numRo5Violations&quot;: 0, &quot;species&quot;: &quot;NEUTRAL&quot;, &quot;acdAcidicPka&quot;: null}, {&quot;smiles&quot;: &quot;NC(=O)c1[nH]cnc1c2cccc(c2)c3ccccc3&quot;, &quot;chemblId&quot;: &quot;CHEMBL227389&quot;, &quot;passesRuleOfThree&quot;: &quot;No&quot;, &quot;molecularWeight&quot;: 263.29, &quot;similarity&quot;: 0.525, &quot;molecularFormula&quot;: &quot;C16H13N3O&quot;, &quot;acdLogp&quot;: 3.50, &quot;knownDrug&quot;: &quot;No&quot;, &quot;stdInChiKey&quot;: &quot;XCHBCGDXDAWBKI-UHFFFAOYSA-N&quot;, &quot;acdLogd&quot;: 3.50, &quot;synonyms&quot;: null, &quot;medChemFriendly&quot;: &quot;Yes&quot;, &quot;rotatableBonds&quot;: 3, &quot;acdBasicPka&quot;: 4.31, &quot;alogp&quot;: 2.48, &quot;preferredCompoundName&quot;: null, &quot;numRo5Violations&quot;: 0, &quot;species&quot;: &quot;NEUTRAL&quot;, &quot;acdAcidicPka&quot;: 11.51}, {&quot;smiles&quot;: &quot;CS(=O)(=O)c1ccc(cc1)c2nccnc2c3ccccc3&quot;, &quot;chemblId&quot;: &quot;CHEMBL172720&quot;, &quot;passesRuleOfThree&quot;: &quot;No&quot;, &quot;molecularWeight&quot;: 310.37, &quot;similarity&quot;: 0.525, &quot;molecularFormula&quot;: &quot;C17H14N2O2S&quot;, &quot;acdLogp&quot;: 2.11, &quot;knownDrug&quot;: &quot;No&quot;, &quot;stdInChiKey&quot;: &quot;VPFPZWIWCHWHJI-UHFFFAOYSA-N&quot;, &quot;acdLogd&quot;: 2.11, &quot;synonyms&quot;: null, &quot;medChemFriendly&quot;: &quot;Yes&quot;, &quot;rotatableBonds&quot;: 3, &quot;acdBasicPka&quot;: null, &quot;alogp&quot;: 2.95, &quot;preferredCompoundName&quot;: null, &quot;numRo5Violations&quot;: 0, &quot;species&quot;: &quot;NEUTRAL&quot;, &quot;acdAcidicPka&quot;: null}, {&quot;smiles&quot;: &quot;O=C1NC(=NC(=C1)c2c[nH]c3ncccc23)c4ccccc4&quot;, &quot;chemblId&quot;: &quot;CHEMBL1958418&quot;, &quot;passesRuleOfThree&quot;: &quot;No&quot;, &quot;molecularWeight&quot;: 288.30, &quot;similarity&quot;: 0.523809523809524, &quot;molecularFormula&quot;: &quot;C17H12N4O&quot;, &quot;acdLogp&quot;: 2.08, &quot;knownDrug&quot;: &quot;No&quot;, &quot;stdInChiKey&quot;: &quot;JFHNNMSJFADNFU-UHFFFAOYSA-N&quot;, &quot;acdLogd&quot;: 1.99, &quot;synonyms&quot;: null, &quot;medChemFriendly&quot;: &quot;No&quot;, &quot;rotatableBonds&quot;: 2, &quot;acdBasicPka&quot;: 5.79, &quot;alogp&quot;: 2.01, &quot;preferredCompoundName&quot;: null, &quot;numRo5Violations&quot;: 0, &quot;species&quot;: &quot;NEUTRAL&quot;, &quot;acdAcidicPka&quot;: 7.87}, {&quot;smiles&quot;: &quot;Fc1ccc(cc1)c2nc([nH]c2c3ccnc4[nH]ccc34)c5ccccc5&quot;, &quot;chemblId&quot;: &quot;CHEMBL2179124&quot;, &quot;passesRuleOfThree&quot;: &quot;No&quot;, &quot;molecularWeight&quot;: 354.38, &quot;similarity&quot;: 0.522727272727273, &quot;molecularFormula&quot;: &quot;C22H15FN4&quot;, &quot;acdLogp&quot;: 3.84, &quot;knownDrug&quot;: &quot;No&quot;, &quot;stdInChiKey&quot;: &quot;JBLFPGGFDBDDSL-UHFFFAOYSA-N&quot;, &quot;acdLogd&quot;: 3.84, &quot;synonyms&quot;: null, &quot;medChemFriendly&quot;: &quot;Yes&quot;, &quot;rotatableBonds&quot;: 3, &quot;acdBasicPka&quot;: 4.21, &quot;alogp&quot;: 4.95, &quot;preferredCompoundName&quot;: null, &quot;numRo5Violations&quot;: 0, &quot;species&quot;: &quot;NEUTRAL&quot;, &quot;acdAcidicPka&quot;: 10.57}, {&quot;smiles&quot;: &quot;Cc1cccc2C(=O)NC=Nc12&quot;, &quot;chemblId&quot;: &quot;CHEMBL1949857&quot;, &quot;passesRuleOfThree&quot;: &quot;Yes&quot;, &quot;molecularWeight&quot;: 160.17, &quot;similarity&quot;: 0.516129032258065, &quot;molecularFormula&quot;: &quot;C9H8N2O&quot;, &quot;acdLogp&quot;: 1.01, &quot;knownDrug&quot;: &quot;No&quot;, &quot;stdInChiKey&quot;: &quot;GZRXSFZDLGKFLN-UHFFFAOYSA-N&quot;, &quot;acdLogd&quot;: 1.01, &quot;synonyms&quot;: null, &quot;medChemFriendly&quot;: &quot;Yes&quot;, &quot;rotatableBonds&quot;: 0, &quot;acdBasicPka&quot;: 2.05, &quot;alogp&quot;: 1.24, &quot;preferredCompoundName&quot;: null, &quot;numRo5Violations&quot;: 0, &quot;species&quot;: &quot;NEUTRAL&quot;, &quot;acdAcidicPka&quot;: 11.67}, {&quot;smiles&quot;: &quot;OC(=O)c1cccc2cccnc12&quot;, &quot;chemblId&quot;: &quot;CHEMBL1427477&quot;, &quot;passesRuleOfThree&quot;: &quot;Yes&quot;, &quot;molecularWeight&quot;: 173.17, &quot;similarity&quot;: 0.516129032258065, &quot;molecularFormula&quot;: &quot;C10H7NO2&quot;, &quot;acdLogp&quot;: 1.96, &quot;knownDrug&quot;: &quot;No&quot;, &quot;stdInChiKey&quot;: &quot;QRDZFPUVLYEQTA-UHFFFAOYSA-N&quot;, &quot;acdLogd&quot;: -0.89, &quot;synonyms&quot;: &quot;Quinoline-8-Carboxylic Acid&quot;, &quot;medChemFriendly&quot;: &quot;Yes&quot;, &quot;rotatableBonds&quot;: 1, &quot;acdBasicPka&quot;: 7.00, &quot;alogp&quot;: 1.65, &quot;preferredCompoundName&quot;: null, &quot;numRo5Violations&quot;: 0, &quot;species&quot;: &quot;ACID&quot;, &quot;acdAcidicPka&quot;: -2.38}, {&quot;smiles&quot;: &quot;NC(=O)c1cccc2cccnc12&quot;, &quot;chemblId&quot;: &quot;CHEMBL502330&quot;, &quot;passesRuleOfThree&quot;: &quot;Yes&quot;, &quot;molecularWeight&quot;: 172.18, &quot;similarity&quot;: 0.516129032258065, &quot;molecularFormula&quot;: &quot;C10H8N2O&quot;, &quot;acdLogp&quot;: 1.73, &quot;knownDrug&quot;: &quot;No&quot;, &quot;stdInChiKey&quot;: &quot;HPQRQAOVNXWEEQ-UHFFFAOYSA-N&quot;, &quot;acdLogd&quot;: 1.73, &quot;synonyms&quot;: &quot;Quinoline-8-Carboxamide&quot;, &quot;medChemFriendly&quot;: &quot;Yes&quot;, &quot;rotatableBonds&quot;: 1, &quot;acdBasicPka&quot;: 3.40, &quot;alogp&quot;: 1.02, &quot;preferredCompoundName&quot;: null, &quot;numRo5Violations&quot;: 0, &quot;species&quot;: &quot;NEUTRAL&quot;, &quot;acdAcidicPka&quot;: null}, {&quot;smiles&quot;: &quot;Cc1cccc(c1C)c2ncc[nH]2&quot;, &quot;chemblId&quot;: &quot;CHEMBL539992&quot;, &quot;passesRuleOfThree&quot;: &quot;Yes&quot;, &quot;molecularWeight&quot;: 172.23, &quot;similarity&quot;: 0.515151515151515, &quot;molecularFormula&quot;: &quot;C11H12N2&quot;, &quot;acdLogp&quot;: 2.98, &quot;knownDrug&quot;: &quot;No&quot;, &quot;stdInChiKey&quot;: &quot;NXUCETYUQFSJBO-UHFFFAOYSA-N&quot;, &quot;acdLogd&quot;: 2.78, &quot;synonyms&quot;: null, &quot;medChemFriendly&quot;: &quot;Yes&quot;, &quot;rotatableBonds&quot;: 1, &quot;acdBasicPka&quot;: 6.87, &quot;alogp&quot;: 2.61, &quot;preferredCompoundName&quot;: null, &quot;numRo5Violations&quot;: 0, &quot;species&quot;: &quot;NEUTRAL&quot;, &quot;acdAcidicPka&quot;: 13.16}, {&quot;smiles&quot;: &quot;OC(=O)c1cccnc1C(=O)c2ccccc2&quot;, &quot;chemblId&quot;: &quot;CHEMBL1882827&quot;, &quot;passesRuleOfThree&quot;: &quot;No&quot;, &quot;molecularWeight&quot;: 227.22, &quot;similarity&quot;: 0.514285714285714, &quot;molecularFormula&quot;: &quot;C13H9NO3&quot;, &quot;acdLogp&quot;: 1.07, &quot;knownDrug&quot;: &quot;No&quot;, &quot;stdInChiKey&quot;: &quot;CUADCEFWXFDKEK-UHFFFAOYSA-N&quot;, &quot;acdLogd&quot;: -2.07, &quot;synonyms&quot;: null, &quot;medChemFriendly&quot;: &quot;Yes&quot;, &quot;rotatableBonds&quot;: 3, &quot;acdBasicPka&quot;: 0.52, &quot;alogp&quot;: 2.14, &quot;preferredCompoundName&quot;: null, &quot;numRo5Violations&quot;: 0, &quot;species&quot;: &quot;ACID&quot;, &quot;acdAcidicPka&quot;: 2.81}, {&quot;smiles&quot;: &quot;c1ccc(nc1)c2nccc3nc[nH]c23&quot;, &quot;chemblId&quot;: &quot;CHEMBL2153270&quot;, &quot;passesRuleOfThree&quot;: &quot;Yes&quot;, &quot;molecularWeight&quot;: 196.21, &quot;similarity&quot;: 0.514285714285714, &quot;molecularFormula&quot;: &quot;C11H8N4&quot;, &quot;acdLogp&quot;: 1.04, &quot;knownDrug&quot;: &quot;No&quot;, &quot;stdInChiKey&quot;: &quot;ZYHVQSDIYCWEIR-UHFFFAOYSA-N&quot;, &quot;acdLogd&quot;: 1.00, &quot;synonyms&quot;: null, &quot;medChemFriendly&quot;: &quot;Yes&quot;, &quot;rotatableBonds&quot;: 1, &quot;acdBasicPka&quot;: 4.47, &quot;alogp&quot;: 1.42, &quot;preferredCompoundName&quot;: null, &quot;numRo5Violations&quot;: 0, &quot;species&quot;: &quot;NEUTRAL&quot;, &quot;acdAcidicPka&quot;: 8.19}, {&quot;smiles&quot;: &quot;O=C1NC=Nc2[nH]cc(c3ccccc3)c12&quot;, &quot;chemblId&quot;: &quot;CHEMBL2432027&quot;, &quot;passesRuleOfThree&quot;: &quot;Yes&quot;, &quot;molecularWeight&quot;: 211.22, &quot;similarity&quot;: 0.513513513513513, &quot;molecularFormula&quot;: &quot;C12H9N3O&quot;, &quot;acdLogp&quot;: 2.36, &quot;knownDrug&quot;: &quot;No&quot;, &quot;stdInChiKey&quot;: &quot;DPFDUWXYLLEHIJ-UHFFFAOYSA-N&quot;, &quot;acdLogd&quot;: 2.36, &quot;synonyms&quot;: null, &quot;medChemFriendly&quot;: &quot;Yes&quot;, &quot;rotatableBonds&quot;: 1, &quot;acdBasicPka&quot;: 1.73, &quot;alogp&quot;: 1.49, &quot;preferredCompoundName&quot;: null, &quot;numRo5Violations&quot;: 0, &quot;species&quot;: &quot;NEUTRAL&quot;, &quot;acdAcidicPka&quot;: 12.13}, {&quot;smiles&quot;: &quot;C(Nc1ncnc2ncccc12)c3ccccc3&quot;, &quot;chemblId&quot;: &quot;CHEMBL54383&quot;, &quot;passesRuleOfThree&quot;: &quot;No&quot;, &quot;molecularWeight&quot;: 236.27, &quot;similarity&quot;: 0.513513513513513, &quot;molecularFormula&quot;: &quot;C14H12N4&quot;, &quot;acdLogp&quot;: 0.97, &quot;knownDrug&quot;: &quot;No&quot;, &quot;stdInChiKey&quot;: &quot;FVEXQJMRVAZNAH-UHFFFAOYSA-N&quot;, &quot;acdLogd&quot;: 0.97, &quot;synonyms&quot;: null, &quot;medChemFriendly&quot;: &quot;Yes&quot;, &quot;rotatableBonds&quot;: 3, &quot;acdBasicPka&quot;: 3.98, &quot;alogp&quot;: 2.36, &quot;preferredCompoundName&quot;: null, &quot;numRo5Violations&quot;: 0, &quot;species&quot;: &quot;NEUTRAL&quot;, &quot;acdAcidicPka&quot;: null}, {&quot;smiles&quot;: &quot;c1ccc(cc1)c2nc(c3ccccc3)c([nH]2)c4ccncn4&quot;, &quot;chemblId&quot;: &quot;CHEMBL302805&quot;, &quot;passesRuleOfThree&quot;: &quot;No&quot;, &quot;molecularWeight&quot;: 298.34, &quot;similarity&quot;: 0.512820512820513, &quot;molecularFormula&quot;: &quot;C19H14N4&quot;, &quot;acdLogp&quot;: 2.89, &quot;knownDrug&quot;: &quot;No&quot;, &quot;stdInChiKey&quot;: &quot;HBJKNJVTHNFOON-UHFFFAOYSA-N&quot;, &quot;acdLogd&quot;: 2.89, &quot;synonyms&quot;: null, &quot;medChemFriendly&quot;: &quot;Yes&quot;, &quot;rotatableBonds&quot;: 3, &quot;acdBasicPka&quot;: 2.91, &quot;alogp&quot;: 4.05, &quot;preferredCompoundName&quot;: null, &quot;numRo5Violations&quot;: 0, &quot;species&quot;: &quot;NEUTRAL&quot;, &quot;acdAcidicPka&quot;: 10.21}, {&quot;smiles&quot;: &quot;Oc1ncnc2nc(c(O)nc12)c3ccccc3&quot;, &quot;chemblId&quot;: &quot;CHEMBL1736595&quot;, &quot;passesRuleOfThree&quot;: &quot;No&quot;, &quot;molecularWeight&quot;: 240.22, &quot;similarity&quot;: 0.512820512820513, &quot;molecularFormula&quot;: &quot;C12H8N4O2&quot;, &quot;acdLogp&quot;: 2.62, &quot;knownDrug&quot;: &quot;No&quot;, &quot;stdInChiKey&quot;: &quot;XDBOGXKPFLKXHY-UHFFFAOYSA-N&quot;, &quot;acdLogd&quot;: -0.86, &quot;synonyms&quot;: null, &quot;medChemFriendly&quot;: &quot;Yes&quot;, &quot;rotatableBonds&quot;: 1, &quot;acdBasicPka&quot;: 9.35, &quot;alogp&quot;: 2.25, &quot;preferredCompoundName&quot;: null, &quot;numRo5Violations&quot;: 0, &quot;species&quot;: &quot;ZWITTERION&quot;, &quot;acdAcidicPka&quot;: 0.56}, {&quot;smiles&quot;: &quot;Clc1ccc(cc1)C(=O)c2ccccc2c3ncc[nH]3&quot;, &quot;chemblId&quot;: &quot;CHEMBL130092&quot;, &quot;passesRuleOfThree&quot;: &quot;No&quot;, &quot;molecularWeight&quot;: 282.72, &quot;similarity&quot;: 0.512820512820513, &quot;molecularFormula&quot;: &quot;C16H11ClN2O&quot;, &quot;acdLogp&quot;: 3.39, &quot;knownDrug&quot;: &quot;No&quot;, &quot;stdInChiKey&quot;: &quot;ISAXAIVJYQBLOX-UHFFFAOYSA-N&quot;, &quot;acdLogd&quot;: 3.33, &quot;synonyms&quot;: null, &quot;medChemFriendly&quot;: &quot;Yes&quot;, &quot;rotatableBonds&quot;: 3, &quot;acdBasicPka&quot;: 6.22, &quot;alogp&quot;: 3.71, &quot;preferredCompoundName&quot;: null, &quot;numRo5Violations&quot;: 0, &quot;species&quot;: &quot;NEUTRAL&quot;, &quot;acdAcidicPka&quot;: 12.37}, {&quot;smiles&quot;: &quot;c1ccc(cc1)c2nc3cccnc3nc2c4ccccc4&quot;, &quot;chemblId&quot;: &quot;CHEMBL2139680&quot;, &quot;passesRuleOfThree&quot;: &quot;No&quot;, &quot;molecularWeight&quot;: 283.33, &quot;similarity&quot;: 0.512820512820513, &quot;molecularFormula&quot;: &quot;C19H13N3&quot;, &quot;acdLogp&quot;: 3.43, &quot;knownDrug&quot;: &quot;No&quot;, &quot;stdInChiKey&quot;: &quot;RBAXWBRRSJYIIW-UHFFFAOYSA-N&quot;, &quot;acdLogd&quot;: 3.43, &quot;synonyms&quot;: null, &quot;medChemFriendly&quot;: &quot;Yes&quot;, &quot;rotatableBonds&quot;: 2, &quot;acdBasicPka&quot;: 0.91, &quot;alogp&quot;: 4.23, &quot;preferredCompoundName&quot;: null, &quot;numRo5Violations&quot;: 0, &quot;species&quot;: &quot;NEUTRAL&quot;, &quot;acdAcidicPka&quot;: null}, {&quot;smiles&quot;: &quot;NC(=O)c1[nH]cnc1c2cccc(c2)C(=O)c3ccccc3&quot;, &quot;chemblId&quot;: &quot;CHEMBL227388&quot;, &quot;passesRuleOfThree&quot;: &quot;No&quot;, &quot;molecularWeight&quot;: 291.30, &quot;similarity&quot;: 0.51219512195122, &quot;molecularFormula&quot;: &quot;C17H13N3O2&quot;, &quot;acdLogp&quot;: 3.13, &quot;knownDrug&quot;: &quot;No&quot;, &quot;stdInChiKey&quot;: &quot;RAFAQJWJVYDDOB-UHFFFAOYSA-N&quot;, &quot;acdLogd&quot;: 3.13, &quot;synonyms&quot;: null, &quot;medChemFriendly&quot;: &quot;Yes&quot;, &quot;rotatableBonds&quot;: 4, &quot;acdBasicPka&quot;: 3.92, &quot;alogp&quot;: 2.36, &quot;preferredCompoundName&quot;: null, &quot;numRo5Violations&quot;: 0, &quot;species&quot;: &quot;NEUTRAL&quot;, &quot;acdAcidicPka&quot;: 10.92}, {&quot;smiles&quot;: &quot;c1ccc(cc1)c2cc(c3ccccc3)c4nc[nH]c4n2&quot;, &quot;chemblId&quot;: &quot;CHEMBL220535&quot;, &quot;passesRuleOfThree&quot;: &quot;No&quot;, &quot;molecularWeight&quot;: 271.32, &quot;similarity&quot;: 0.51219512195122, &quot;molecularFormula&quot;: &quot;C18H13N3&quot;, &quot;acdLogp&quot;: 4.55, &quot;knownDrug&quot;: &quot;No&quot;, &quot;stdInChiKey&quot;: &quot;JRQCVLBKLGJDMI-UHFFFAOYSA-N&quot;, &quot;acdLogd&quot;: 4.53, &quot;synonyms&quot;: null, &quot;medChemFriendly&quot;: &quot;Yes&quot;, &quot;rotatableBonds&quot;: 2, &quot;acdBasicPka&quot;: 5.43, &quot;alogp&quot;: 3.86, &quot;preferredCompoundName&quot;: null, &quot;numRo5Violations&quot;: 0, &quot;species&quot;: &quot;NEUTRAL&quot;, &quot;acdAcidicPka&quot;: 8.83}, {&quot;smiles&quot;: &quot;CC(C)C(=O)Nc1ncnc2[nH]c(nc12)c3ccccc3&quot;, &quot;chemblId&quot;: &quot;CHEMBL1210407&quot;, &quot;passesRuleOfThree&quot;: &quot;No&quot;, &quot;molecularWeight&quot;: 281.31, &quot;similarity&quot;: 0.51219512195122, &quot;molecularFormula&quot;: &quot;C15H15N5O&quot;, &quot;acdLogp&quot;: 2.75, &quot;knownDrug&quot;: &quot;No&quot;, &quot;stdInChiKey&quot;: &quot;KKDUWFUDTHSVCZ-UHFFFAOYSA-N&quot;, &quot;acdLogd&quot;: 2.70, &quot;synonyms&quot;: null, &quot;medChemFriendly&quot;: &quot;Yes&quot;, &quot;rotatableBonds&quot;: 3, &quot;acdBasicPka&quot;: 1.69, &quot;alogp&quot;: 2.48, &quot;preferredCompoundName&quot;: null, &quot;numRo5Violations&quot;: 0, &quot;species&quot;: &quot;NEUTRAL&quot;, &quot;acdAcidicPka&quot;: 8.96}, {&quot;smiles&quot;: &quot;CN(C)CCNC(=O)c1cccc2c(ccnc12)c3ccccc3&quot;, &quot;chemblId&quot;: &quot;CHEMBL276596&quot;, &quot;passesRuleOfThree&quot;: &quot;No&quot;, &quot;molecularWeight&quot;: 319.40, &quot;similarity&quot;: 0.51219512195122, &quot;molecularFormula&quot;: &quot;C20H21N3O&quot;, &quot;acdLogp&quot;: 4.24, &quot;knownDrug&quot;: &quot;No&quot;, &quot;stdInChiKey&quot;: &quot;REIIDWKAPAXVCM-UHFFFAOYSA-N&quot;, &quot;acdLogd&quot;: 3.66, &quot;synonyms&quot;: null, &quot;medChemFriendly&quot;: &quot;Yes&quot;, &quot;rotatableBonds&quot;: 5, &quot;acdBasicPka&quot;: 8.36, &quot;alogp&quot;: 2.88, &quot;preferredCompoundName&quot;: null, &quot;numRo5Violations&quot;: 0, &quot;species&quot;: &quot;NEUTRAL&quot;, &quot;acdAcidicPka&quot;: 13.51}, {&quot;smiles&quot;: &quot;Nc1ncnc2[nH]nc(c3ccc(cc3)c4ccccc4)c12&quot;, &quot;chemblId&quot;: &quot;CHEMBL1242850&quot;, &quot;passesRuleOfThree&quot;: &quot;No&quot;, &quot;molecularWeight&quot;: 287.32, &quot;similarity&quot;: 0.51219512195122, &quot;molecularFormula&quot;: &quot;C17H13N5&quot;, &quot;acdLogp&quot;: 2.69, &quot;knownDrug&quot;: &quot;No&quot;, &quot;stdInChiKey&quot;: &quot;ZOGBDFHHTSGOKO-UHFFFAOYSA-N&quot;, &quot;acdLogd&quot;: 2.69, &quot;synonyms&quot;: null, &quot;medChemFriendly&quot;: &quot;Yes&quot;, &quot;rotatableBonds&quot;: 2, &quot;acdBasicPka&quot;: 4.48, &quot;alogp&quot;: 3.15, &quot;preferredCompoundName&quot;: null, &quot;numRo5Violations&quot;: 0, &quot;species&quot;: &quot;NEUTRAL&quot;, &quot;acdAcidicPka&quot;: 10.39}, {&quot;smiles&quot;: &quot;Fc1ccc2c(c1)[nH]c3c(nccc23)c4ccccc4&quot;, &quot;chemblId&quot;: &quot;CHEMBL273905&quot;, &quot;passesRuleOfThree&quot;: &quot;No&quot;, &quot;molecularWeight&quot;: 262.28, &quot;similarity&quot;: 0.51219512195122, &quot;molecularFormula&quot;: &quot;C17H11FN2&quot;, &quot;acdLogp&quot;: 5.19, &quot;knownDrug&quot;: &quot;No&quot;, &quot;stdInChiKey&quot;: &quot;FFHLSIADEDEQIC-UHFFFAOYSA-N&quot;, &quot;acdLogd&quot;: 5.01, &quot;synonyms&quot;: null, &quot;medChemFriendly&quot;: &quot;Yes&quot;, &quot;rotatableBonds&quot;: 1, &quot;acdBasicPka&quot;: 7.11, &quot;alogp&quot;: 4.33, &quot;preferredCompoundName&quot;: null, &quot;numRo5Violations&quot;: 0, &quot;species&quot;: &quot;NEUTRAL&quot;, &quot;acdAcidicPka&quot;: null}, {&quot;smiles&quot;: &quot;c1ccc(cc1)c2ccc([nH]2)c3nccc4ccccc34&quot;, &quot;chemblId&quot;: &quot;CHEMBL1539518&quot;, &quot;passesRuleOfThree&quot;: &quot;No&quot;, &quot;molecularWeight&quot;: 270.33, &quot;similarity&quot;: 0.51219512195122, &quot;molecularFormula&quot;: &quot;C19H14N2&quot;, &quot;acdLogp&quot;: 4.10, &quot;knownDrug&quot;: &quot;No&quot;, &quot;stdInChiKey&quot;: &quot;IZYDUNMNHULGOI-UHFFFAOYSA-N&quot;, &quot;acdLogd&quot;: 4.10, &quot;synonyms&quot;: null, &quot;medChemFriendly&quot;: &quot;Yes&quot;, &quot;rotatableBonds&quot;: 2, &quot;acdBasicPka&quot;: 5.79, &quot;alogp&quot;: 4.73, &quot;preferredCompoundName&quot;: null, &quot;numRo5Violations&quot;: 0, &quot;species&quot;: &quot;NEUTRAL&quot;, &quot;acdAcidicPka&quot;: null}, {&quot;smiles&quot;: &quot;CCNc1ncnc2nc(c3ccccc3)c(nc12)c4ccccc4&quot;, &quot;chemblId&quot;: &quot;CHEMBL183179&quot;, &quot;passesRuleOfThree&quot;: &quot;No&quot;, &quot;molecularWeight&quot;: 327.38, &quot;similarity&quot;: 0.511627906976744, &quot;molecularFormula&quot;: &quot;C20H17N5&quot;, &quot;acdLogp&quot;: 4.15, &quot;knownDrug&quot;: &quot;No&quot;, &quot;stdInChiKey&quot;: &quot;ORXIKTZORNTFFW-UHFFFAOYSA-N&quot;, &quot;acdLogd&quot;: 4.15, &quot;synonyms&quot;: null, &quot;medChemFriendly&quot;: &quot;Yes&quot;, &quot;rotatableBonds&quot;: 4, &quot;acdBasicPka&quot;: 3.98, &quot;alogp&quot;: 4.30, &quot;preferredCompoundName&quot;: null, &quot;numRo5Violations&quot;: 0, &quot;species&quot;: &quot;NEUTRAL&quot;, &quot;acdAcidicPka&quot;: null}, {&quot;smiles&quot;: &quot;O=C(Nc1ccc(cc1)c2ccccc2)Nc3ccc(cc3)c4ccnc5[nH]cnc45&quot;, &quot;chemblId&quot;: &quot;CHEMBL1951331&quot;, &quot;passesRuleOfThree&quot;: &quot;No&quot;, &quot;molecularWeight&quot;: 405.45, &quot;similarity&quot;: 0.51063829787234, &quot;molecularFormula&quot;: &quot;C25H19N5O&quot;, &quot;acdLogp&quot;: 5.20, &quot;knownDrug&quot;: &quot;No&quot;, &quot;stdInChiKey&quot;: &quot;GCLFXARMPHAWHV-UHFFFAOYSA-N&quot;, &quot;acdLogd&quot;: 5.18, &quot;synonyms&quot;: null, &quot;medChemFriendly&quot;: &quot;Yes&quot;, &quot;rotatableBonds&quot;: 4, &quot;acdBasicPka&quot;: 5.72, &quot;alogp&quot;: 4.12, &quot;preferredCompoundName&quot;: null, &quot;numRo5Violations&quot;: 0, &quot;species&quot;: &quot;NEUTRAL&quot;, &quot;acdAcidicPka&quot;: 9.08}, {&quot;smiles&quot;: &quot;N1c2ccccc2c3nccc4cccc1c34&quot;, &quot;chemblId&quot;: &quot;CHEMBL41174&quot;, &quot;passesRuleOfThree&quot;: &quot;No&quot;, &quot;molecularWeight&quot;: 218.25, &quot;similarity&quot;: 0.5, &quot;molecularFormula&quot;: &quot;C15H10N2&quot;, &quot;acdLogp&quot;: 3.76, &quot;knownDrug&quot;: &quot;No&quot;, &quot;stdInChiKey&quot;: &quot;VWYDYUAGAGIHAK-UHFFFAOYSA-N&quot;, &quot;acdLogd&quot;: 3.76, &quot;synonyms&quot;: null, &quot;medChemFriendly&quot;: &quot;Yes&quot;, &quot;rotatableBonds&quot;: 0, &quot;acdBasicPka&quot;: 5.07, &quot;alogp&quot;: 3.25, &quot;preferredCompoundName&quot;: null, &quot;numRo5Violations&quot;: 0, &quot;species&quot;: &quot;NEUTRAL&quot;, &quot;acdAcidicPka&quot;: null}, {&quot;smiles&quot;: &quot;Cc1ccc(cc1)c2cc(c3ccccc3)c4c(N)ncnc4n2&quot;, &quot;chemblId&quot;: &quot;CHEMBL1575389&quot;, &quot;passesRuleOfThree&quot;: &quot;No&quot;, &quot;molecularWeight&quot;: 312.37, &quot;similarity&quot;: 0.5, &quot;molecularFormula&quot;: &quot;C20H16N4&quot;, &quot;acdLogp&quot;: 4.23, &quot;knownDrug&quot;: &quot;No&quot;, &quot;stdInChiKey&quot;: &quot;TYHSPMPGRFODKV-UHFFFAOYSA-N&quot;, &quot;acdLogd&quot;: 4.23, &quot;synonyms&quot;: null, &quot;medChemFriendly&quot;: &quot;Yes&quot;, &quot;rotatableBonds&quot;: 2, &quot;acdBasicPka&quot;: 3.85, &quot;alogp&quot;: 4.18, &quot;preferredCompoundName&quot;: null, &quot;numRo5Violations&quot;: 0, &quot;species&quot;: &quot;NEUTRAL&quot;, &quot;acdAcidicPka&quot;: null}, {&quot;smiles&quot;: &quot;Nc1ncnc2sc(nc12)c3ccccc3&quot;, &quot;chemblId&quot;: &quot;CHEMBL62544&quot;, &quot;passesRuleOfThree&quot;: &quot;No&quot;, &quot;molecularWeight&quot;: 228.27, &quot;similarity&quot;: 0.5, &quot;molecularFormula&quot;: &quot;C11H8N4S&quot;, &quot;acdLogp&quot;: 2.78, &quot;knownDrug&quot;: &quot;No&quot;, &quot;stdInChiKey&quot;: &quot;IGAQJGMZPQZSJZ-UHFFFAOYSA-N&quot;, &quot;acdLogd&quot;: 2.78, &quot;synonyms&quot;: null, &quot;medChemFriendly&quot;: &quot;Yes&quot;, &quot;rotatableBonds&quot;: 1, &quot;acdBasicPka&quot;: 3.31, &quot;alogp&quot;: 2.05, &quot;preferredCompoundName&quot;: null, &quot;numRo5Violations&quot;: 0, &quot;species&quot;: &quot;NEUTRAL&quot;, &quot;acdAcidicPka&quot;: null}, {&quot;smiles&quot;: &quot;c1ccc(cc1)c2[nH]nc3ccccc23&quot;, &quot;chemblId&quot;: &quot;CHEMBL315708&quot;, &quot;passesRuleOfThree&quot;: &quot;No&quot;, &quot;molecularWeight&quot;: 194.23, &quot;similarity&quot;: 0.5, &quot;molecularFormula&quot;: &quot;C13H10N2&quot;, &quot;acdLogp&quot;: 3.08, &quot;knownDrug&quot;: &quot;No&quot;, &quot;stdInChiKey&quot;: &quot;MXBKCOLSUUYOHT-UHFFFAOYSA-N&quot;, &quot;acdLogd&quot;: 3.08, &quot;synonyms&quot;: null, &quot;medChemFriendly&quot;: &quot;Yes&quot;, &quot;rotatableBonds&quot;: 1, &quot;acdBasicPka&quot;: 1.30, &quot;alogp&quot;: 3.42, &quot;preferredCompoundName&quot;: null, &quot;numRo5Violations&quot;: 0, &quot;species&quot;: &quot;NEUTRAL&quot;, &quot;acdAcidicPka&quot;: 13.66}, {&quot;smiles&quot;: &quot;Cc1ccnc2c1ccc3cccnc23&quot;, &quot;chemblId&quot;: &quot;CHEMBL316589&quot;, &quot;passesRuleOfThree&quot;: &quot;Yes&quot;, &quot;molecularWeight&quot;: 194.23, &quot;similarity&quot;: 0.5, &quot;molecularFormula&quot;: &quot;C13H10N2&quot;, &quot;acdLogp&quot;: 2.85, &quot;knownDrug&quot;: &quot;No&quot;, &quot;stdInChiKey&quot;: &quot;NAZZKEZTSOOCSZ-UHFFFAOYSA-N&quot;, &quot;acdLogd&quot;: 2.84, &quot;synonyms&quot;: &quot;4-Methyl-[1,10]Phenanthroline&quot;, &quot;medChemFriendly&quot;: &quot;Yes&quot;, &quot;rotatableBonds&quot;: 0, &quot;acdBasicPka&quot;: 5.49, &quot;alogp&quot;: 2.69, &quot;preferredCompoundName&quot;: null, &quot;numRo5Violations&quot;: 0, &quot;species&quot;: &quot;NEUTRAL&quot;, &quot;acdAcidicPka&quot;: null}, {&quot;smiles&quot;: &quot;CC(=O)c1cccc(c1)c2ncnc3sccc23&quot;, &quot;chemblId&quot;: &quot;CHEMBL2377502&quot;, &quot;passesRuleOfThree&quot;: &quot;No&quot;, &quot;molecularWeight&quot;: 254.31, &quot;similarity&quot;: 0.5, &quot;molecularFormula&quot;: &quot;C14H10N2OS&quot;, &quot;acdLogp&quot;: 2.21, &quot;knownDrug&quot;: &quot;No&quot;, &quot;stdInChiKey&quot;: &quot;RUAMBFDAWJBXBW-UHFFFAOYSA-N&quot;, &quot;acdLogd&quot;: 2.21, &quot;synonyms&quot;: null, &quot;medChemFriendly&quot;: &quot;Yes&quot;, &quot;rotatableBonds&quot;: 2, &quot;acdBasicPka&quot;: 0.75, &quot;alogp&quot;: 2.80, &quot;preferredCompoundName&quot;: null, &quot;numRo5Violations&quot;: 0, &quot;species&quot;: &quot;NEUTRAL&quot;, &quot;acdAcidicPka&quot;: null}, {&quot;smiles&quot;: &quot;Nc1ccc(N=Nc2ccccc2)c3cccnc13&quot;, &quot;chemblId&quot;: &quot;CHEMBL1365482&quot;, &quot;passesRuleOfThree&quot;: &quot;No&quot;, &quot;molecularWeight&quot;: 248.28, &quot;similarity&quot;: 0.5, &quot;molecularFormula&quot;: &quot;C15H12N4&quot;, &quot;acdLogp&quot;: 4.22, &quot;knownDrug&quot;: &quot;No&quot;, &quot;stdInChiKey&quot;: &quot;GKWYJSSQUCGNJB-UHFFFAOYSA-N&quot;, &quot;acdLogd&quot;: 4.22, &quot;synonyms&quot;: null, &quot;medChemFriendly&quot;: &quot;Yes&quot;, &quot;rotatableBonds&quot;: 2, &quot;acdBasicPka&quot;: 3.08, &quot;alogp&quot;: 3.64, &quot;preferredCompoundName&quot;: null, &quot;numRo5Violations&quot;: 0, &quot;species&quot;: &quot;NEUTRAL&quot;, &quot;acdAcidicPka&quot;: null}, {&quot;smiles&quot;: &quot;Oc1nc2ncccc2c(O)c1c3ccccc3&quot;, &quot;chemblId&quot;: &quot;CHEMBL289756&quot;, &quot;passesRuleOfThree&quot;: &quot;No&quot;, &quot;molecularWeight&quot;: 238.24, &quot;similarity&quot;: 0.5, &quot;molecularFormula&quot;: &quot;C14H10N2O2&quot;, &quot;acdLogp&quot;: 2.97, &quot;knownDrug&quot;: &quot;No&quot;, &quot;stdInChiKey&quot;: &quot;FUANMJYCVDVCLW-UHFFFAOYSA-N&quot;, &quot;acdLogd&quot;: -0.53, &quot;synonyms&quot;: null, &quot;medChemFriendly&quot;: &quot;Yes&quot;, &quot;rotatableBonds&quot;: 1, &quot;acdBasicPka&quot;: 15.38, &quot;alogp&quot;: 2.63, &quot;preferredCompoundName&quot;: null, &quot;numRo5Violations&quot;: 0, &quot;species&quot;: &quot;ZWITTERION&quot;, &quot;acdAcidicPka&quot;: 3.50}, {&quot;smiles&quot;: &quot;OCNc1ncnc2[nH]c(nc12)c3ccccc3&quot;, &quot;chemblId&quot;: &quot;CHEMBL1210307&quot;, &quot;passesRuleOfThree&quot;: &quot;No&quot;, &quot;molecularWeight&quot;: 241.25, &quot;similarity&quot;: 0.5, &quot;molecularFormula&quot;: &quot;C12H11N5O&quot;, &quot;acdLogp&quot;: 1.63, &quot;knownDrug&quot;: &quot;No&quot;, &quot;stdInChiKey&quot;: &quot;COQIWZHEWUDVES-UHFFFAOYSA-N&quot;, &quot;acdLogd&quot;: 1.62, &quot;synonyms&quot;: null, &quot;medChemFriendly&quot;: &quot;Yes&quot;, &quot;rotatableBonds&quot;: 3, &quot;acdBasicPka&quot;: 2.81, &quot;alogp&quot;: 1.48, &quot;preferredCompoundName&quot;: null, &quot;numRo5Violations&quot;: 0, &quot;species&quot;: &quot;NEUTRAL&quot;, &quot;acdAcidicPka&quot;: 9.00}, {&quot;smiles&quot;: &quot;Oc1cc(nc2ncccc12)c3ccccc3&quot;, &quot;chemblId&quot;: &quot;CHEMBL97037&quot;, &quot;passesRuleOfThree&quot;: &quot;Yes&quot;, &quot;molecularWeight&quot;: 222.24, &quot;similarity&quot;: 0.5, &quot;molecularFormula&quot;: &quot;C14H10N2O&quot;, &quot;acdLogp&quot;: 2.50, &quot;knownDrug&quot;: &quot;No&quot;, &quot;stdInChiKey&quot;: &quot;IPVMHKHKTQYJIL-UHFFFAOYSA-N&quot;, &quot;acdLogd&quot;: 0.31, &quot;synonyms&quot;: null, &quot;medChemFriendly&quot;: &quot;Yes&quot;, &quot;rotatableBonds&quot;: 1, &quot;acdBasicPka&quot;: 8.01, &quot;alogp&quot;: 2.77, &quot;preferredCompoundName&quot;: null, &quot;numRo5Violations&quot;: 0, &quot;species&quot;: &quot;NEUTRAL&quot;, &quot;acdAcidicPka&quot;: null}, {&quot;smiles&quot;: &quot;Clc1ccccc1NC(=O)Nc2ccc(cc2)c3ccnc4[nH]cnc34&quot;, &quot;chemblId&quot;: &quot;CHEMBL1951322&quot;, &quot;passesRuleOfThree&quot;: &quot;No&quot;, &quot;molecularWeight&quot;: 363.80, &quot;similarity&quot;: 0.5, &quot;molecularFormula&quot;: &quot;C19H14ClN5O&quot;, &quot;acdLogp&quot;: 3.77, &quot;knownDrug&quot;: &quot;No&quot;, &quot;stdInChiKey&quot;: &quot;OUJNTZAPROXXHI-UHFFFAOYSA-N&quot;, &quot;acdLogd&quot;: 3.75, &quot;synonyms&quot;: null, &quot;medChemFriendly&quot;: &quot;Yes&quot;, &quot;rotatableBonds&quot;: 3, &quot;acdBasicPka&quot;: 5.69, &quot;alogp&quot;: 3.27, &quot;preferredCompoundName&quot;: null, &quot;numRo5Violations&quot;: 0, &quot;species&quot;: &quot;NEUTRAL&quot;, &quot;acdAcidicPka&quot;: 9.06}, {&quot;smiles&quot;: &quot;N(c1ccccc1c2nnc[nH]2)c3ncnc4[nH]ccc34&quot;, &quot;chemblId&quot;: &quot;CHEMBL261204&quot;, &quot;passesRuleOfThree&quot;: &quot;No&quot;, &quot;molecularWeight&quot;: 277.28, &quot;similarity&quot;: 0.5, &quot;molecularFormula&quot;: &quot;C14H11N7&quot;, &quot;acdLogp&quot;: 2.04, &quot;knownDrug&quot;: &quot;No&quot;, &quot;stdInChiKey&quot;: &quot;WDTMEWDAVQAOHU-UHFFFAOYSA-N&quot;, &quot;acdLogd&quot;: 2.03, &quot;synonyms&quot;: null, &quot;medChemFriendly&quot;: &quot;Yes&quot;, &quot;rotatableBonds&quot;: 3, &quot;acdBasicPka&quot;: 5.57, &quot;alogp&quot;: 1.92, &quot;preferredCompoundName&quot;: null, &quot;numRo5Violations&quot;: 0, &quot;species&quot;: &quot;NEUTRAL&quot;, &quot;acdAcidicPka&quot;: 9.45}, {&quot;smiles&quot;: &quot;c1ccc(cc1)c2nccc(n2)c3ccccn3&quot;, &quot;chemblId&quot;: &quot;CHEMBL90379&quot;, &quot;passesRuleOfThree&quot;: &quot;Yes&quot;, &quot;molecularWeight&quot;: 233.27, &quot;similarity&quot;: 0.5, &quot;molecularFormula&quot;: &quot;C15H11N3&quot;, &quot;acdLogp&quot;: 3.08, &quot;knownDrug&quot;: &quot;No&quot;, &quot;stdInChiKey&quot;: &quot;RPKXKZMWEKGLPH-UHFFFAOYSA-N&quot;, &quot;acdLogd&quot;: 3.08, &quot;synonyms&quot;: null, &quot;medChemFriendly&quot;: &quot;Yes&quot;, &quot;rotatableBonds&quot;: 2, &quot;acdBasicPka&quot;: 0.49, &quot;alogp&quot;: 2.90, &quot;preferredCompoundName&quot;: null, &quot;numRo5Violations&quot;: 0, &quot;species&quot;: &quot;NEUTRAL&quot;, &quot;acdAcidicPka&quot;: null}, {&quot;smiles&quot;: &quot;CC(C)c1ccc(cc1)c2[nH]c(nc2c3ccncc3)c4ccccc4&quot;, &quot;chemblId&quot;: &quot;CHEMBL71922&quot;, &quot;passesRuleOfThree&quot;: &quot;No&quot;, &quot;molecularWeight&quot;: 339.43, &quot;similarity&quot;: 0.5, &quot;molecularFormula&quot;: &quot;C23H21N3&quot;, &quot;acdLogp&quot;: 5.04, &quot;knownDrug&quot;: &quot;No&quot;, &quot;stdInChiKey&quot;: &quot;ORHRVRHDBVLGSO-UHFFFAOYSA-N&quot;, &quot;acdLogd&quot;: 5.04, &quot;synonyms&quot;: null, &quot;medChemFriendly&quot;: &quot;Yes&quot;, &quot;rotatableBonds&quot;: 4, &quot;acdBasicPka&quot;: 3.68, &quot;alogp&quot;: 5.44, &quot;preferredCompoundName&quot;: null, &quot;numRo5Violations&quot;: 1, &quot;species&quot;: &quot;NEUTRAL&quot;, &quot;acdAcidicPka&quot;: 10.69}, {&quot;smiles&quot;: &quot;Clc1nccnc1c2ccccc2&quot;, &quot;chemblId&quot;: &quot;CHEMBL1544537&quot;, &quot;passesRuleOfThree&quot;: &quot;Yes&quot;, &quot;molecularWeight&quot;: 190.63, &quot;similarity&quot;: 0.5, &quot;molecularFormula&quot;: &quot;C10H7ClN2&quot;, &quot;acdLogp&quot;: 2.46, &quot;knownDrug&quot;: &quot;No&quot;, &quot;stdInChiKey&quot;: &quot;CAPLTXKTKMPKED-UHFFFAOYSA-N&quot;, &quot;acdLogd&quot;: 2.46, &quot;synonyms&quot;: null, &quot;medChemFriendly&quot;: &quot;Yes&quot;, &quot;rotatableBonds&quot;: 1, &quot;acdBasicPka&quot;: null, &quot;alogp&quot;: 2.35, &quot;preferredCompoundName&quot;: null, &quot;numRo5Violations&quot;: 0, &quot;species&quot;: &quot;NEUTRAL&quot;, &quot;acdAcidicPka&quot;: null}, {&quot;smiles&quot;: &quot;OC(=O)CCCO\\N=C(/c1ccccc1)\\c2ncccn2&quot;, &quot;chemblId&quot;: &quot;CHEMBL133410&quot;, &quot;passesRuleOfThree&quot;: &quot;No&quot;, &quot;molecularWeight&quot;: 285.30, &quot;similarity&quot;: 0.5, &quot;molecularFormula&quot;: &quot;C15H15N3O3&quot;, &quot;acdLogp&quot;: 1.64, &quot;knownDrug&quot;: &quot;No&quot;, &quot;stdInChiKey&quot;: &quot;RHNOXUYMHDKACW-NBVRZTHBSA-N&quot;, &quot;acdLogd&quot;: -1.05, &quot;synonyms&quot;: null, &quot;medChemFriendly&quot;: &quot;No&quot;, &quot;rotatableBonds&quot;: 7, &quot;acdBasicPka&quot;: null, &quot;alogp&quot;: 1.71, &quot;preferredCompoundName&quot;: null, &quot;numRo5Violations&quot;: 0, &quot;species&quot;: &quot;ACID&quot;, &quot;acdAcidicPka&quot;: 4.67}, {&quot;smiles&quot;: &quot;c1ccc2c(c1)[nH]c3c2ccc4cccnc34&quot;, &quot;chemblId&quot;: &quot;CHEMBL1183427&quot;, &quot;passesRuleOfThree&quot;: &quot;No&quot;, &quot;molecularWeight&quot;: 218.25, &quot;similarity&quot;: 0.5, &quot;molecularFormula&quot;: &quot;C15H10N2&quot;, &quot;acdLogp&quot;: 3.71, &quot;knownDrug&quot;: &quot;No&quot;, &quot;stdInChiKey&quot;: &quot;LHKWAXPYLUZMHY-UHFFFAOYSA-N&quot;, &quot;acdLogd&quot;: 3.64, &quot;synonyms&quot;: null, &quot;medChemFriendly&quot;: &quot;Yes&quot;, &quot;rotatableBonds&quot;: 0, &quot;acdBasicPka&quot;: 6.66, &quot;alogp&quot;: 3.51, &quot;preferredCompoundName&quot;: null, &quot;numRo5Violations&quot;: 0, &quot;species&quot;: &quot;NEUTRAL&quot;, &quot;acdAcidicPka&quot;: null}, {&quot;smiles&quot;: &quot;Cc1ccc(cc1)n2cnc3ncnc(c4ccccc4)c23&quot;, &quot;chemblId&quot;: &quot;CHEMBL1345664&quot;, &quot;passesRuleOfThree&quot;: &quot;No&quot;, &quot;molecularWeight&quot;: 286.33, &quot;similarity&quot;: 0.5, &quot;molecularFormula&quot;: &quot;C18H14N4&quot;, &quot;acdLogp&quot;: 3.14, &quot;knownDrug&quot;: &quot;No&quot;, &quot;stdInChiKey&quot;: &quot;FJRUPQZEHAMSRY-UHFFFAOYSA-N&quot;, &quot;acdLogd&quot;: 3.14, &quot;synonyms&quot;: null, &quot;medChemFriendly&quot;: &quot;Yes&quot;, &quot;rotatableBonds&quot;: 2, &quot;acdBasicPka&quot;: 1.61, &quot;alogp&quot;: 3.98, &quot;preferredCompoundName&quot;: null, &quot;numRo5Violations&quot;: 0, &quot;species&quot;: &quot;NEUTRAL&quot;, &quot;acdAcidicPka&quot;: null}, {&quot;smiles&quot;: &quot;Oc1nc(O)c(I)c(n1)c2ccccc2&quot;, &quot;chemblId&quot;: &quot;CHEMBL36594&quot;, &quot;passesRuleOfThree&quot;: &quot;No&quot;, &quot;molecularWeight&quot;: 314.08, &quot;similarity&quot;: 0.5, &quot;molecularFormula&quot;: &quot;C10H7IN2O2&quot;, &quot;acdLogp&quot;: 2.50, &quot;knownDrug&quot;: &quot;No&quot;, &quot;stdInChiKey&quot;: &quot;ZRFLBKKKXSWDHU-UHFFFAOYSA-N&quot;, &quot;acdLogd&quot;: -1.00, &quot;synonyms&quot;: null, &quot;medChemFriendly&quot;: &quot;Yes&quot;, &quot;rotatableBonds&quot;: 1, &quot;acdBasicPka&quot;: 12.32, &quot;alogp&quot;: 3.15, &quot;preferredCompoundName&quot;: null, &quot;numRo5Violations&quot;: 0, &quot;species&quot;: &quot;ZWITTERION&quot;, &quot;acdAcidicPka&quot;: 1.72}, {&quot;smiles&quot;: &quot;c1ccc(cc1)c2ccnc3c2ccc4c(ccnc34)c5ccccc5&quot;, &quot;chemblId&quot;: &quot;CHEMBL583162&quot;, &quot;passesRuleOfThree&quot;: &quot;No&quot;, &quot;molecularWeight&quot;: 332.40, &quot;similarity&quot;: 0.5, &quot;molecularFormula&quot;: &quot;C24H16N2&quot;, &quot;acdLogp&quot;: 6.16, &quot;knownDrug&quot;: &quot;No&quot;, &quot;stdInChiKey&quot;: &quot;DHDHJYNTEFLIHY-UHFFFAOYSA-N&quot;, &quot;acdLogd&quot;: 6.16, &quot;synonyms&quot;: &quot;GNF-Pf-4554&quot;, &quot;medChemFriendly&quot;: &quot;Yes&quot;, &quot;rotatableBonds&quot;: 2, &quot;acdBasicPka&quot;: 4.83, &quot;alogp&quot;: 5.24, &quot;preferredCompoundName&quot;: null, &quot;numRo5Violations&quot;: 1, &quot;species&quot;: &quot;NEUTRAL&quot;, &quot;acdAcidicPka&quot;: null}, {&quot;smiles&quot;: &quot;OC(=O)CCCO\\N=C(\\c1ccccc1)/c2ncccn2&quot;, &quot;chemblId&quot;: &quot;CHEMBL131045&quot;, &quot;passesRuleOfThree&quot;: &quot;No&quot;, &quot;molecularWeight&quot;: 285.30, &quot;similarity&quot;: 0.5, &quot;molecularFormula&quot;: &quot;C15H15N3O3&quot;, &quot;acdLogp&quot;: 1.64, &quot;knownDrug&quot;: &quot;No&quot;, &quot;stdInChiKey&quot;: &quot;RHNOXUYMHDKACW-JXAWBTAJSA-N&quot;, &quot;acdLogd&quot;: -1.05, &quot;synonyms&quot;: null, &quot;medChemFriendly&quot;: &quot;No&quot;, &quot;rotatableBonds&quot;: 7, &quot;acdBasicPka&quot;: null, &quot;alogp&quot;: 1.71, &quot;preferredCompoundName&quot;: null, &quot;numRo5Violations&quot;: 0, &quot;species&quot;: &quot;ACID&quot;, &quot;acdAcidicPka&quot;: 4.67}, {&quot;smiles&quot;: &quot;C1Oc2ccc(cc2O1)c3ncnc4[nH]ccc34&quot;, &quot;chemblId&quot;: &quot;CHEMBL2004515&quot;, &quot;passesRuleOfThree&quot;: &quot;No&quot;, &quot;molecularWeight&quot;: 239.23, &quot;similarity&quot;: 0.5, &quot;molecularFormula&quot;: &quot;C13H9N3O2&quot;, &quot;acdLogp&quot;: 2.01, &quot;knownDrug&quot;: &quot;No&quot;, &quot;stdInChiKey&quot;: &quot;QNLMLEYLZSGBHP-UHFFFAOYSA-N&quot;, &quot;acdLogd&quot;: 2.01, &quot;synonyms&quot;: null, &quot;medChemFriendly&quot;: &quot;Yes&quot;, &quot;rotatableBonds&quot;: 1, &quot;acdBasicPka&quot;: 4.07, &quot;alogp&quot;: 2.26, &quot;preferredCompoundName&quot;: null, &quot;numRo5Violations&quot;: 0, &quot;species&quot;: &quot;NEUTRAL&quot;, &quot;acdAcidicPka&quot;: 11.95}, {&quot;smiles&quot;: &quot;Cc1cc2c(ncnc2c(C#N)c1C)c3ccccc3&quot;, &quot;chemblId&quot;: &quot;CHEMBL164757&quot;, &quot;passesRuleOfThree&quot;: &quot;No&quot;, &quot;molecularWeight&quot;: 259.31, &quot;similarity&quot;: 0.5, &quot;molecularFormula&quot;: &quot;C17H13N3&quot;, &quot;acdLogp&quot;: 3.49, &quot;knownDrug&quot;: &quot;No&quot;, &quot;stdInChiKey&quot;: &quot;CYAJMMSDAIRRIM-UHFFFAOYSA-N&quot;, &quot;acdLogd&quot;: 3.49, &quot;synonyms&quot;: null, &quot;medChemFriendly&quot;: &quot;Yes&quot;, &quot;rotatableBonds&quot;: 1, &quot;acdBasicPka&quot;: 2.90, &quot;alogp&quot;: 4.19, &quot;preferredCompoundName&quot;: null, &quot;numRo5Violations&quot;: 0, &quot;species&quot;: &quot;NEUTRAL&quot;, &quot;acdAcidicPka&quot;: null}, {&quot;smiles&quot;: &quot;CNCc1cccc(c1)c2ncnc3[nH]cnc23&quot;, &quot;chemblId&quot;: &quot;CHEMBL375509&quot;, &quot;passesRuleOfThree&quot;: &quot;No&quot;, &quot;molecularWeight&quot;: 239.28, &quot;similarity&quot;: 0.5, &quot;molecularFormula&quot;: &quot;C13H13N5&quot;, &quot;acdLogp&quot;: 0.91, &quot;knownDrug&quot;: &quot;No&quot;, &quot;stdInChiKey&quot;: &quot;YDLUXFXOCJCIRO-UHFFFAOYSA-N&quot;, &quot;acdLogd&quot;: -0.76, &quot;synonyms&quot;: null, &quot;medChemFriendly&quot;: &quot;Yes&quot;, &quot;rotatableBonds&quot;: 3, &quot;acdBasicPka&quot;: 9.27, &quot;alogp&quot;: 1.25, &quot;preferredCompoundName&quot;: null, &quot;numRo5Violations&quot;: 0, &quot;species&quot;: &quot;BASE&quot;, &quot;acdAcidicPka&quot;: null}, {&quot;smiles&quot;: &quot;c1ccc(cc1)c2n[nH]cc2c3ccnc4ccccc34&quot;, &quot;chemblId&quot;: &quot;CHEMBL126676&quot;, &quot;passesRuleOfThree&quot;: &quot;No&quot;, &quot;molecularWeight&quot;: 271.32, &quot;similarity&quot;: 0.5, &quot;molecularFormula&quot;: &quot;C18H13N3&quot;, &quot;acdLogp&quot;: 4.24, &quot;knownDrug&quot;: &quot;No&quot;, &quot;stdInChiKey&quot;: &quot;ZNEAEMOGRAJFJZ-UHFFFAOYSA-N&quot;, &quot;acdLogd&quot;: 4.24, &quot;synonyms&quot;: null, &quot;medChemFriendly&quot;: &quot;Yes&quot;, &quot;rotatableBonds&quot;: 2, &quot;acdBasicPka&quot;: 4.19, &quot;alogp&quot;: 3.93, &quot;preferredCompoundName&quot;: null, &quot;numRo5Violations&quot;: 0, &quot;species&quot;: &quot;NEUTRAL&quot;, &quot;acdAcidicPka&quot;: 11.10}, {&quot;smiles&quot;: &quot;NCCc1cccc(c1)c2ncnc3[nH]cnc23&quot;, &quot;chemblId&quot;: &quot;CHEMBL227998&quot;, &quot;passesRuleOfThree&quot;: &quot;No&quot;, &quot;molecularWeight&quot;: 239.28, &quot;similarity&quot;: 0.5, &quot;molecularFormula&quot;: &quot;C13H13N5&quot;, &quot;acdLogp&quot;: 0.91, &quot;knownDrug&quot;: &quot;No&quot;, &quot;stdInChiKey&quot;: &quot;QYNRJWIXMLJYAG-UHFFFAOYSA-N&quot;, &quot;acdLogd&quot;: -1.25, &quot;synonyms&quot;: null, &quot;medChemFriendly&quot;: &quot;Yes&quot;, &quot;rotatableBonds&quot;: 3, &quot;acdBasicPka&quot;: 9.71, &quot;alogp&quot;: 1.14, &quot;preferredCompoundName&quot;: null, &quot;numRo5Violations&quot;: 0, &quot;species&quot;: &quot;BASE&quot;, &quot;acdAcidicPka&quot;: 9.12}, {&quot;smiles&quot;: &quot;c1cnc2[nH]ccc2c1&quot;, &quot;chemblId&quot;: &quot;CHEMBL389685&quot;, &quot;passesRuleOfThree&quot;: &quot;Yes&quot;, &quot;molecularWeight&quot;: 118.14, &quot;similarity&quot;: 0.5, &quot;molecularFormula&quot;: &quot;C7H6N2&quot;, &quot;acdLogp&quot;: 1.57, &quot;knownDrug&quot;: &quot;No&quot;, &quot;stdInChiKey&quot;: &quot;MVXVYAKCVDQRLW-UHFFFAOYSA-N&quot;, &quot;acdLogd&quot;: 1.57, &quot;synonyms&quot;: &quot;1H-Pyrrolo[2,3-B]Pyridine,7-Azaindole&quot;, &quot;medChemFriendly&quot;: &quot;Yes&quot;, &quot;rotatableBonds&quot;: 0, &quot;acdBasicPka&quot;: 4.95, &quot;alogp&quot;: 1.17, &quot;preferredCompoundName&quot;: null, &quot;numRo5Violations&quot;: 0, &quot;species&quot;: &quot;NEUTRAL&quot;, &quot;acdAcidicPka&quot;: 13.88}, {&quot;smiles&quot;: &quot;S1c2ccccc2c3nccc4ccnc1c34&quot;, &quot;chemblId&quot;: &quot;CHEMBL1991839&quot;, &quot;passesRuleOfThree&quot;: &quot;No&quot;, &quot;molecularWeight&quot;: 236.29, &quot;similarity&quot;: 0.5, &quot;molecularFormula&quot;: &quot;C14H8N2S&quot;, &quot;acdLogp&quot;: 3.58, &quot;knownDrug&quot;: &quot;No&quot;, &quot;stdInChiKey&quot;: &quot;OLOXICWTKUHWIW-UHFFFAOYSA-N&quot;, &quot;acdLogd&quot;: 3.58, &quot;synonyms&quot;: null, &quot;medChemFriendly&quot;: &quot;Yes&quot;, &quot;rotatableBonds&quot;: 0, &quot;acdBasicPka&quot;: 2.44, &quot;alogp&quot;: 3.21, &quot;preferredCompoundName&quot;: null, &quot;numRo5Violations&quot;: 0, &quot;species&quot;: &quot;NEUTRAL&quot;, &quot;acdAcidicPka&quot;: null}, {&quot;smiles&quot;: &quot;Cc1cccc2c(O)nc(nc12)c3ccccc3&quot;, &quot;chemblId&quot;: &quot;CHEMBL124749&quot;, &quot;passesRuleOfThree&quot;: &quot;No&quot;, &quot;molecularWeight&quot;: 236.27, &quot;similarity&quot;: 0.5, &quot;molecularFormula&quot;: &quot;C15H12N2O&quot;, &quot;acdLogp&quot;: 3.66, &quot;knownDrug&quot;: &quot;No&quot;, &quot;stdInChiKey&quot;: &quot;WLZJEOODSSBWMB-UHFFFAOYSA-N&quot;, &quot;acdLogd&quot;: 1.88, &quot;synonyms&quot;: null, &quot;medChemFriendly&quot;: &quot;Yes&quot;, &quot;rotatableBonds&quot;: 1, &quot;acdBasicPka&quot;: 8.66, &quot;alogp&quot;: 3.79, &quot;preferredCompoundName&quot;: null, &quot;numRo5Violations&quot;: 0, &quot;species&quot;: &quot;ZWITTERION&quot;, &quot;acdAcidicPka&quot;: 2.89}, {&quot;smiles&quot;: &quot;Oc1ccnc2c1ccc3cccnc23&quot;, &quot;chemblId&quot;: &quot;CHEMBL1316815&quot;, &quot;passesRuleOfThree&quot;: &quot;Yes&quot;, &quot;molecularWeight&quot;: 196.20, &quot;similarity&quot;: 0.5, &quot;molecularFormula&quot;: &quot;C12H8N2O&quot;, &quot;acdLogp&quot;: 1.61, &quot;knownDrug&quot;: &quot;No&quot;, &quot;stdInChiKey&quot;: &quot;IZYBEGHUZQSYII-UHFFFAOYSA-N&quot;, &quot;acdLogd&quot;: -0.47, &quot;synonyms&quot;: null, &quot;medChemFriendly&quot;: &quot;Yes&quot;, &quot;rotatableBonds&quot;: 0, &quot;acdBasicPka&quot;: 8.61, &quot;alogp&quot;: 1.96, &quot;preferredCompoundName&quot;: null, &quot;numRo5Violations&quot;: 0, &quot;species&quot;: &quot;BASE&quot;, &quot;acdAcidicPka&quot;: null}, {&quot;smiles&quot;: &quot;[O-][N+](=O)c1[nH]cnc1c2ccccc2&quot;, &quot;chemblId&quot;: &quot;CHEMBL332942&quot;, &quot;passesRuleOfThree&quot;: &quot;No&quot;, &quot;molecularWeight&quot;: 189.17, &quot;similarity&quot;: 0.5, &quot;molecularFormula&quot;: &quot;C9H7N3O2&quot;, &quot;acdLogp&quot;: 1.55, &quot;knownDrug&quot;: &quot;No&quot;, &quot;stdInChiKey&quot;: &quot;IYLDMQGTZVDXLH-UHFFFAOYSA-N&quot;, &quot;acdLogd&quot;: 1.53, &quot;synonyms&quot;: null, &quot;medChemFriendly&quot;: &quot;No&quot;, &quot;rotatableBonds&quot;: 2, &quot;acdBasicPka&quot;: 1.53, &quot;alogp&quot;: 1.68, &quot;preferredCompoundName&quot;: null, &quot;numRo5Violations&quot;: 0, &quot;species&quot;: &quot;NEUTRAL&quot;, &quot;acdAcidicPka&quot;: 8.68}, {&quot;smiles&quot;: &quot;Nc1ccc2[nH]c3c(nccc3c2c1)c4ccccc4&quot;, &quot;chemblId&quot;: &quot;CHEMBL1983480&quot;, &quot;passesRuleOfThree&quot;: &quot;No&quot;, &quot;molecularWeight&quot;: 259.31, &quot;similarity&quot;: 0.5, &quot;molecularFormula&quot;: &quot;C17H13N3&quot;, &quot;acdLogp&quot;: 3.95, &quot;knownDrug&quot;: &quot;No&quot;, &quot;stdInChiKey&quot;: &quot;JPFQINVOSKUDHH-UHFFFAOYSA-N&quot;, &quot;acdLogd&quot;: 3.47, &quot;synonyms&quot;: null, &quot;medChemFriendly&quot;: &quot;Yes&quot;, &quot;rotatableBonds&quot;: 1, &quot;acdBasicPka&quot;: 7.93, &quot;alogp&quot;: 3.37, &quot;preferredCompoundName&quot;: null, &quot;numRo5Violations&quot;: 0, &quot;species&quot;: &quot;NEUTRAL&quot;, &quot;acdAcidicPka&quot;: null}, {&quot;smiles&quot;: &quot;Nc1nccc(n1)c2[nH]c(nc2c3ccccc3)c4ccccc4&quot;, &quot;chemblId&quot;: &quot;CHEMBL302728&quot;, &quot;passesRuleOfThree&quot;: &quot;No&quot;, &quot;molecularWeight&quot;: 313.36, &quot;similarity&quot;: 0.5, &quot;molecularFormula&quot;: &quot;C19H15N5&quot;, &quot;acdLogp&quot;: 2.77, &quot;knownDrug&quot;: &quot;No&quot;, &quot;stdInChiKey&quot;: &quot;GOUYNVPPUCUZSS-UHFFFAOYSA-N&quot;, &quot;acdLogd&quot;: 2.77, &quot;synonyms&quot;: null, &quot;medChemFriendly&quot;: &quot;Yes&quot;, &quot;rotatableBonds&quot;: 3, &quot;acdBasicPka&quot;: 3.38, &quot;alogp&quot;: 3.82, &quot;preferredCompoundName&quot;: null, &quot;numRo5Violations&quot;: 0, &quot;species&quot;: &quot;NEUTRAL&quot;, &quot;acdAcidicPka&quot;: 10.11}]}"/>
</config>
</config>
</config>
</config>
<config key="column_properties"/>
</config>
</config>
